run,leiden,annotation,best_corr,margin,metric_consensus,old_low,new_low,changed
annot_scgpt/FB080_scgpt_cluster_map,0,IN-MGE-3,0.919,0.0707,2,False,False,False
annot_scgpt/FB080_scgpt_cluster_map,1,IPC,0.8599,0.0373,3,True,False,True
annot_scgpt/FB080_scgpt_cluster_map,10,Dividing progenitor,0.9157,0.0706,3,False,False,False
annot_scgpt/FB080_scgpt_cluster_map,11,EN-IT-UL-1,0.9174,0.0058,2,True,True,False
annot_scgpt/FB080_scgpt_cluster_map,12,EN-IT-DL-3,0.8619,0.0035,2,True,True,False
annot_scgpt/FB080_scgpt_cluster_map,13,vRG,0.9104,0.0112,2,True,False,True
annot_scgpt/FB080_scgpt_cluster_map,2,EN-IT-DL-3,0.9355,0.0378,2,True,False,True
annot_scgpt/FB080_scgpt_cluster_map,3,EN-L2,0.8845,0.0154,2,True,False,True
annot_scgpt/FB080_scgpt_cluster_map,4,EN-ET-2,0.9313,0.0029,2,True,True,False
annot_scgpt/FB080_scgpt_cluster_map,5,EN-ET-5,0.9299,0.0038,2,True,True,False
annot_scgpt/FB080_scgpt_cluster_map,6,Dividing progenitor,0.8897,0.0388,3,True,False,True
annot_scgpt/FB080_scgpt_cluster_map,7,Microglia,0.8049,0.1997,3,False,False,False
annot_scgpt/FB080_scgpt_cluster_map,8,IPC,0.8822,0.0407,3,True,False,True
annot_scgpt/FB080_scgpt_cluster_map,9,EN-Mig-1,0.8573,0.0064,2,True,False,True
annot_scgpt_coarse/FB080_scgpt_cluster_map,0,IN-MGE,0.8615,0.0273,3,True,False,True
annot_scgpt_coarse/FB080_scgpt_cluster_map,1,IPC,0.8555,0.0275,2,True,False,True
annot_scgpt_coarse/FB080_scgpt_cluster_map,10,IPC,0.8827,0.0654,3,False,False,False
annot_scgpt_coarse/FB080_scgpt_cluster_map,11,Dividing progenitor,0.919,0.0784,3,False,False,False
annot_scgpt_coarse/FB080_scgpt_cluster_map,12,RG,0.9179,0.0361,3,True,False,True
annot_scgpt_coarse/FB080_scgpt_cluster_map,13,EN-IT-DL,0.9032,0.0006,2,True,True,False
annot_scgpt_coarse/FB080_scgpt_cluster_map,14,EN-IT-DL,0.8642,0.05,2,True,False,True
annot_scgpt_coarse/FB080_scgpt_cluster_map,2,EN-ET,0.9422,0.1995,3,False,False,False
annot_scgpt_coarse/FB080_scgpt_cluster_map,3,EN-ET,0.9254,0.2118,3,False,False,False
annot_scgpt_coarse/FB080_scgpt_cluster_map,4,EN-IT-UL,0.9048,0.024,3,True,False,True
annot_scgpt_coarse/FB080_scgpt_cluster_map,5,EN-IT-DL,0.9117,0.0131,2,True,True,False
annot_scgpt_coarse/FB080_scgpt_cluster_map,6,EN-L2,0.8835,0.0181,3,True,False,True
annot_scgpt_coarse/FB080_scgpt_cluster_map,7,EN-Mig,0.8677,0.0486,3,True,False,True
annot_scgpt_coarse/FB080_scgpt_cluster_map,8,RG,0.7132,0.0033,2,True,True,False
annot_scgpt_coarse/FB080_scgpt_cluster_map,9,Dividing progenitor,0.9016,0.0858,3,False,False,False
annot_scgpt_resgrid_R1.2/FB080_scgpt_cluster_map,0,IN-MGE-3,0.9016,0.0506,2,False,False,False
annot_scgpt_resgrid_R1.2/FB080_scgpt_cluster_map,1,Microglia,0.7952,0.1767,3,False,False,False
annot_scgpt_resgrid_R1.2/FB080_scgpt_cluster_map,10,EN-Mig-1,0.8576,0.0093,2,True,True,False
annot_scgpt_resgrid_R1.2/FB080_scgpt_cluster_map,11,EN-L2,0.8839,0.0121,2,True,False,True
annot_scgpt_resgrid_R1.2/FB080_scgpt_cluster_map,12,IPC,0.8588,0.0347,3,True,False,True
annot_scgpt_resgrid_R1.2/FB080_scgpt_cluster_map,13,IPC,0.8824,0.0406,3,True,False,True
annot_scgpt_resgrid_R1.2/FB080_scgpt_cluster_map,14,Dividing progenitor,0.9014,0.0807,3,False,False,False
annot_scgpt_resgrid_R1.2/FB080_scgpt_cluster_map,15,RG,0.8345,0.0683,3,False,False,False
annot_scgpt_resgrid_R1.2/FB080_scgpt_cluster_map,2,Dividing progenitor,0.9161,0.0704,3,False,False,False
annot_scgpt_resgrid_R1.2/FB080_scgpt_cluster_map,3,EN-ET-5,0.9239,0.0395,2,True,False,True
annot_scgpt_resgrid_R1.2/FB080_scgpt_cluster_map,4,EN-IT-DL-3,0.937,0.0432,2,True,False,True
annot_scgpt_resgrid_R1.2/FB080_scgpt_cluster_map,5,EN-IT-UL-1,0.9164,0.0061,2,True,True,False
annot_scgpt_resgrid_R1.2/FB080_scgpt_cluster_map,6,EN-ET-3,0.9321,0.0127,3,True,False,True
annot_scgpt_resgrid_R1.2/FB080_scgpt_cluster_map,7,vRG,0.9105,0.011,2,True,False,True
annot_scgpt_resgrid_R1.2/FB080_scgpt_cluster_map,8,EN-ET-2,0.933,0.0059,3,True,False,True
annot_scgpt_resgrid_R1.2/FB080_scgpt_cluster_map,9,EN-IT-DL-3,0.8593,0.0008,2,True,True,False
annot_scgpt_resgrid_R1.4/FB080_scgpt_cluster_map,0,IN-MGE-3,0.9137,0.0489,2,True,False,True
annot_scgpt_resgrid_R1.4/FB080_scgpt_cluster_map,1,EN-ET-5,0.9397,0.063,3,False,False,False
annot_scgpt_resgrid_R1.4/FB080_scgpt_cluster_map,10,EN-L2,0.884,0.0135,2,True,False,True
annot_scgpt_resgrid_R1.4/FB080_scgpt_cluster_map,11,EN-IT-DL-2,0.87,0.001,2,True,True,False
annot_scgpt_resgrid_R1.4/FB080_scgpt_cluster_map,12,EN-IT-DL-3,0.9359,0.0384,2,True,False,True
annot_scgpt_resgrid_R1.4/FB080_scgpt_cluster_map,13,EN-IT-DL-1,0.9218,0.0024,3,True,False,True
annot_scgpt_resgrid_R1.4/FB080_scgpt_cluster_map,14,EN-IT-UL-1,0.9168,0.0065,2,True,True,False
annot_scgpt_resgrid_R1.4/FB080_scgpt_cluster_map,15,EN-ET-2,0.9332,0.0053,3,True,False,True
annot_scgpt_resgrid_R1.4/FB080_scgpt_cluster_map,16,vRG,0.9113,0.0124,2,True,False,True
annot_scgpt_resgrid_R1.4/FB080_scgpt_cluster_map,2,Microglia,0.7768,0.1562,3,False,False,False
annot_scgpt_resgrid_R1.4/FB080_scgpt_cluster_map,3,IPC,0.8814,0.0359,2,True,False,True
annot_scgpt_resgrid_R1.4/FB080_scgpt_cluster_map,4,EN-ET-3,0.9316,0.0101,2,True,False,True
annot_scgpt_resgrid_R1.4/FB080_scgpt_cluster_map,5,IPC,0.8612,0.0388,3,True,False,True
annot_scgpt_resgrid_R1.4/FB080_scgpt_cluster_map,6,RG,0.8642,0.0001,2,True,True,False
annot_scgpt_resgrid_R1.4/FB080_scgpt_cluster_map,7,Dividing progenitor,0.9159,0.0703,3,False,False,False
annot_scgpt_resgrid_R1.4/FB080_scgpt_cluster_map,8,Dividing progenitor,0.884,0.0337,2,True,False,True
annot_scgpt_resgrid_R1.4/FB080_scgpt_cluster_map,9,EN-Mig-1,0.8577,0.0077,2,True,False,True
annot_scgpt_resgrid_R1.6/FB080_scgpt_cluster_map,0,IN-MGE-3,0.9211,0.0407,2,True,False,True
annot_scgpt_resgrid_R1.6/FB080_scgpt_cluster_map,1,Microglia,0.7835,0.1634,3,False,False,False
annot_scgpt_resgrid_R1.6/FB080_scgpt_cluster_map,10,Dividing progenitor,0.8731,0.0033,2,True,True,False
annot_scgpt_resgrid_R1.6/FB080_scgpt_cluster_map,11,EN-Mig-1,0.8583,0.0101,2,True,False,True
annot_scgpt_resgrid_R1.6/FB080_scgpt_cluster_map,12,EN-L2,0.8829,0.0129,2,True,False,True
annot_scgpt_resgrid_R1.6/FB080_scgpt_cluster_map,13,IPC,0.866,0.0467,3,True,False,True
annot_scgpt_resgrid_R1.6/FB080_scgpt_cluster_map,14,EN-IT-UL-1,0.9165,0.0065,2,True,True,False
annot_scgpt_resgrid_R1.6/FB080_scgpt_cluster_map,15,IPC,0.881,0.0338,2,True,False,True
annot_scgpt_resgrid_R1.6/FB080_scgpt_cluster_map,16,Dividing progenitor,0.8833,0.0324,2,True,False,True
annot_scgpt_resgrid_R1.6/FB080_scgpt_cluster_map,17,vRG,0.9121,0.0137,2,True,False,True
annot_scgpt_resgrid_R1.6/FB080_scgpt_cluster_map,18,Dividing progenitor,0.9135,0.0641,3,False,False,False
annot_scgpt_resgrid_R1.6/FB080_scgpt_cluster_map,2,EN-ET-5,0.9428,0.0625,3,False,False,False
annot_scgpt_resgrid_R1.6/FB080_scgpt_cluster_map,3,IN-MGE-3,0.7685,0.0345,2,True,False,True
annot_scgpt_resgrid_R1.6/FB080_scgpt_cluster_map,4,EN-IT-DL-2,0.9227,0.0063,2,True,True,False
annot_scgpt_resgrid_R1.6/FB080_scgpt_cluster_map,5,EN-ET-3,0.9329,0.0177,2,True,False,True
annot_scgpt_resgrid_R1.6/FB080_scgpt_cluster_map,6,EN-ET-5,0.9276,0.0063,2,True,True,False
annot_scgpt_resgrid_R1.6/FB080_scgpt_cluster_map,7,EN-ET-2,0.9333,0.0051,3,True,False,True
annot_scgpt_resgrid_R1.6/FB080_scgpt_cluster_map,8,EN-IT-DL-2,0.8752,0.0071,2,True,False,True
annot_scgpt_resgrid_R1.6/FB080_scgpt_cluster_map,9,EN-IT-DL-3,0.935,0.0383,2,True,False,True
annot_scgpt_resgrid_R1.8/FB080_scgpt_cluster_map,0,IN-MGE-3,0.9193,0.0396,2,True,False,True
annot_scgpt_resgrid_R1.8/FB080_scgpt_cluster_map,1,OPC,0.8563,0.1004,3,False,False,False
annot_scgpt_resgrid_R1.8/FB080_scgpt_cluster_map,10,IPC,0.8693,0.0807,3,False,False,False
annot_scgpt_resgrid_R1.8/FB080_scgpt_cluster_map,11,EN-L2,0.8823,0.0115,2,True,False,True
annot_scgpt_resgrid_R1.8/FB080_scgpt_cluster_map,12,EN-IT-DL-3,0.8732,0.0033,2,True,True,False
annot_scgpt_resgrid_R1.8/FB080_scgpt_cluster_map,13,EN-IT-UL-1,0.916,0.0063,2,True,True,False
annot_scgpt_resgrid_R1.8/FB080_scgpt_cluster_map,14,IPC,0.8795,0.0291,2,True,False,True
annot_scgpt_resgrid_R1.8/FB080_scgpt_cluster_map,15,EN-IT-UL-1,0.9207,0.003,3,True,False,True
annot_scgpt_resgrid_R1.8/FB080_scgpt_cluster_map,16,EN-IT-DL-2,0.9216,0.0072,2,True,False,True
annot_scgpt_resgrid_R1.8/FB080_scgpt_cluster_map,17,EN-IT-DL-3,0.9332,0.0419,2,True,False,True
annot_scgpt_resgrid_R1.8/FB080_scgpt_cluster_map,18,vRG,0.9133,0.0153,2,True,False,True
annot_scgpt_resgrid_R1.8/FB080_scgpt_cluster_map,19,Dividing progenitor,0.8679,0.0,2,True,True,False
annot_scgpt_resgrid_R1.8/FB080_scgpt_cluster_map,2,IN-MGE-3,0.7591,0.0354,2,True,False,True
annot_scgpt_resgrid_R1.8/FB080_scgpt_cluster_map,20,EN-ET-5,0.9279,0.0066,2,True,True,False
annot_scgpt_resgrid_R1.8/FB080_scgpt_cluster_map,21,Dividing progenitor,0.8779,0.0265,2,True,False,True
annot_scgpt_resgrid_R1.8/FB080_scgpt_cluster_map,3,EN-ET-5,0.9398,0.061,3,False,False,False
annot_scgpt_resgrid_R1.8/FB080_scgpt_cluster_map,4,EN-ET-2,0.9333,0.0052,3,True,False,True
annot_scgpt_resgrid_R1.8/FB080_scgpt_cluster_map,5,EN-ET-3,0.934,0.0188,2,True,False,True
annot_scgpt_resgrid_R1.8/FB080_scgpt_cluster_map,6,IPC,0.876,0.03,3,True,False,True
annot_scgpt_resgrid_R1.8/FB080_scgpt_cluster_map,7,Dividing progenitor,0.9251,0.082,3,False,False,False
annot_scgpt_resgrid_R1.8/FB080_scgpt_cluster_map,8,Microglia,0.873,0.4075,3,False,False,False
annot_scgpt_resgrid_R1.8/FB080_scgpt_cluster_map,9,EN-Mig-1,0.8591,0.0077,2,True,False,True
annot_scgpt_resgrid_R2.0/FB080_scgpt_cluster_map,0,IN-MGE-3,0.9145,0.0292,2,True,False,True
annot_scgpt_resgrid_R2.0/FB080_scgpt_cluster_map,1,EN-Mig-1,0.7753,0.0004,2,True,True,False
annot_scgpt_resgrid_R2.0/FB080_scgpt_cluster_map,10,IN-MGE-3,0.7446,0.0504,2,False,False,False
annot_scgpt_resgrid_R2.0/FB080_scgpt_cluster_map,11,IPC,0.8789,0.0365,3,True,False,True
annot_scgpt_resgrid_R2.0/FB080_scgpt_cluster_map,12,Dividing progenitor,0.9252,0.0812,3,False,False,False
annot_scgpt_resgrid_R2.0/FB080_scgpt_cluster_map,13,Microglia,0.8745,0.4147,3,False,False,False
annot_scgpt_resgrid_R2.0/FB080_scgpt_cluster_map,14,IPC,0.8708,0.0802,3,False,False,False
annot_scgpt_resgrid_R2.0/FB080_scgpt_cluster_map,15,EN-L2,0.882,0.0128,2,True,False,True
annot_scgpt_resgrid_R2.0/FB080_scgpt_cluster_map,16,Dividing progenitor,0.8588,0.0207,2,True,False,True
annot_scgpt_resgrid_R2.0/FB080_scgpt_cluster_map,17,IPC,0.8789,0.0274,2,True,False,True
annot_scgpt_resgrid_R2.0/FB080_scgpt_cluster_map,18,Dividing progenitor,0.88,0.021,2,True,False,True
annot_scgpt_resgrid_R2.0/FB080_scgpt_cluster_map,19,EN-IT-DL-3,0.9318,0.0471,2,True,False,True
annot_scgpt_resgrid_R2.0/FB080_scgpt_cluster_map,2,EN-ET-5,0.9426,0.0677,3,False,False,False
annot_scgpt_resgrid_R2.0/FB080_scgpt_cluster_map,20,EN-IT-DL-3,0.91,0.0104,2,True,False,True
annot_scgpt_resgrid_R2.0/FB080_scgpt_cluster_map,21,Dividing progenitor,0.8689,0.0,2,True,True,False
annot_scgpt_resgrid_R2.0/FB080_scgpt_cluster_map,22,EN-ET-3,0.9356,0.022,2,True,False,True
annot_scgpt_resgrid_R2.0/FB080_scgpt_cluster_map,23,EN-ET-2,0.9333,0.0051,3,True,False,True
annot_scgpt_resgrid_R2.0/FB080_scgpt_cluster_map,24,vRG,0.9142,0.0168,2,True,False,True
annot_scgpt_resgrid_R2.0/FB080_scgpt_cluster_map,3,EN-ET-5,0.927,0.0066,2,True,True,False
annot_scgpt_resgrid_R2.0/FB080_scgpt_cluster_map,4,EN-IT-UL-1,0.9219,0.005,3,True,False,True
annot_scgpt_resgrid_R2.0/FB080_scgpt_cluster_map,5,EN-IT-DL-2,0.9213,0.0049,2,True,True,False
annot_scgpt_resgrid_R2.0/FB080_scgpt_cluster_map,6,EN-Mig-1,0.8598,0.0085,2,True,False,True
annot_scgpt_resgrid_R2.0/FB080_scgpt_cluster_map,7,OPC,0.8486,0.0931,3,False,False,False
annot_scgpt_resgrid_R2.0/FB080_scgpt_cluster_map,8,EN-IT-DL-2,0.8743,0.001,2,True,True,False
annot_scgpt_resgrid_R2.0/FB080_scgpt_cluster_map,9,EN-IT-UL-1,0.916,0.0085,2,True,False,True
annot_scgpt_resgrid_R2.5/FB080_scgpt_cluster_map,0,IN-MGE-3,0.9206,0.0329,2,True,False,True
annot_scgpt_resgrid_R2.5/FB080_scgpt_cluster_map,1,EN-ET-5,0.9407,0.0672,3,False,False,False
annot_scgpt_resgrid_R2.5/FB080_scgpt_cluster_map,10,IPC,0.8715,0.0702,3,False,False,False
annot_scgpt_resgrid_R2.5/FB080_scgpt_cluster_map,11,IPC,0.878,0.0239,2,True,False,True
annot_scgpt_resgrid_R2.5/FB080_scgpt_cluster_map,12,EN-IT-DL-3,0.8891,0.027,2,True,False,True
annot_scgpt_resgrid_R2.5/FB080_scgpt_cluster_map,13,EN-L2,0.8819,0.0092,1,True,False,True
annot_scgpt_resgrid_R2.5/FB080_scgpt_cluster_map,14,EN-IT-DL-3,0.9121,0.0127,2,True,False,True
annot_scgpt_resgrid_R2.5/FB080_scgpt_cluster_map,15,Dividing progenitor,0.8583,0.0137,2,True,False,True
annot_scgpt_resgrid_R2.5/FB080_scgpt_cluster_map,16,Dividing progenitor,0.8781,0.0166,2,True,False,True
annot_scgpt_resgrid_R2.5/FB080_scgpt_cluster_map,17,IPC,0.8779,0.0276,3,True,False,True
annot_scgpt_resgrid_R2.5/FB080_scgpt_cluster_map,18,EN-IT-DL-3,0.9167,0.0095,2,True,False,True
annot_scgpt_resgrid_R2.5/FB080_scgpt_cluster_map,19,EN-IT-DL-2,0.918,0.0062,2,True,True,False
annot_scgpt_resgrid_R2.5/FB080_scgpt_cluster_map,2,EN-IT-DL-3,0.9097,0.0028,2,True,True,False
annot_scgpt_resgrid_R2.5/FB080_scgpt_cluster_map,20,EN-IT-DL-2,0.8757,0.0003,2,True,True,False
annot_scgpt_resgrid_R2.5/FB080_scgpt_cluster_map,21,EN-IT-DL-3,0.9223,0.0547,2,False,False,False
annot_scgpt_resgrid_R2.5/FB080_scgpt_cluster_map,22,EN-IT-UL-1,0.9203,0.0024,3,True,False,True
annot_scgpt_resgrid_R2.5/FB080_scgpt_cluster_map,23,EN-IT-UL-1,0.9236,0.0109,2,True,False,True
annot_scgpt_resgrid_R2.5/FB080_scgpt_cluster_map,24,EN-ET-5,0.9269,0.0056,2,True,True,False
annot_scgpt_resgrid_R2.5/FB080_scgpt_cluster_map,25,EN-ET-3,0.9363,0.0236,2,True,False,True
annot_scgpt_resgrid_R2.5/FB080_scgpt_cluster_map,26,RG,0.8011,0.035,3,True,False,True
annot_scgpt_resgrid_R2.5/FB080_scgpt_cluster_map,27,Dividing progenitor,0.8937,0.0205,2,True,False,True
annot_scgpt_resgrid_R2.5/FB080_scgpt_cluster_map,28,vRG,0.9139,0.0158,2,True,False,True
annot_scgpt_resgrid_R2.5/FB080_scgpt_cluster_map,29,Dividing progenitor,0.9262,0.0813,3,False,False,False
annot_scgpt_resgrid_R2.5/FB080_scgpt_cluster_map,3,IN-MGE-3,0.774,0.0505,2,False,False,False
annot_scgpt_resgrid_R2.5/FB080_scgpt_cluster_map,4,EN-ET-5,0.9348,0.0178,2,True,False,True
annot_scgpt_resgrid_R2.5/FB080_scgpt_cluster_map,5,EN-ET-2,0.9338,0.0046,3,True,False,True
annot_scgpt_resgrid_R2.5/FB080_scgpt_cluster_map,6,OPC,0.8528,0.0997,3,False,False,False
annot_scgpt_resgrid_R2.5/FB080_scgpt_cluster_map,7,Microglia,0.8757,0.4151,3,False,False,False
annot_scgpt_resgrid_R2.5/FB080_scgpt_cluster_map,8,IPC,0.7777,0.0091,1,True,True,False
annot_scgpt_resgrid_R2.5/FB080_scgpt_cluster_map,9,EN-Mig-1,0.8599,0.0075,2,True,True,False
annot_scgpt_resgrid_R3.0/FB080_scgpt_cluster_map,0,IN-MGE-3,0.9118,0.0253,2,True,False,True
annot_scgpt_resgrid_R3.0/FB080_scgpt_cluster_map,1,EN-ET-5,0.9396,0.0682,3,False,False,False
annot_scgpt_resgrid_R3.0/FB080_scgpt_cluster_map,10,RG,0.8666,0.0501,3,False,False,False
annot_scgpt_resgrid_R3.0/FB080_scgpt_cluster_map,11,Microglia,0.8446,0.3285,3,False,False,False
annot_scgpt_resgrid_R3.0/FB080_scgpt_cluster_map,12,IPC,0.8786,0.0316,3,True,False,True
annot_scgpt_resgrid_R3.0/FB080_scgpt_cluster_map,13,Dividing progenitor,0.9154,0.0519,3,False,False,False
annot_scgpt_resgrid_R3.0/FB080_scgpt_cluster_map,14,EN-Mig-2,0.8548,0.0012,2,True,True,False
annot_scgpt_resgrid_R3.0/FB080_scgpt_cluster_map,15,EN-Mig-1,0.8744,0.0272,3,True,False,True
annot_scgpt_resgrid_R3.0/FB080_scgpt_cluster_map,16,EN-IT-DL-3,0.908,0.0242,2,True,False,True
annot_scgpt_resgrid_R3.0/FB080_scgpt_cluster_map,17,EN-L2,0.8824,0.0048,2,True,True,False
annot_scgpt_resgrid_R3.0/FB080_scgpt_cluster_map,18,IPC,0.786,0.0064,2,True,True,False
annot_scgpt_resgrid_R3.0/FB080_scgpt_cluster_map,19,IPC,0.8706,0.0775,3,False,False,False
annot_scgpt_resgrid_R3.0/FB080_scgpt_cluster_map,2,IN-MGE-3,0.7547,0.0492,2,True,False,True
annot_scgpt_resgrid_R3.0/FB080_scgpt_cluster_map,20,EN-IT-UL-1,0.9228,0.0061,3,True,False,True
annot_scgpt_resgrid_R3.0/FB080_scgpt_cluster_map,21,EN-ET-5,0.946,0.0401,2,True,False,True
annot_scgpt_resgrid_R3.0/FB080_scgpt_cluster_map,22,EN-IT-DL-2,0.9232,0.0086,2,True,False,True
annot_scgpt_resgrid_R3.0/FB080_scgpt_cluster_map,23,EN-ET-2,0.9292,0.0234,3,True,False,True
annot_scgpt_resgrid_R3.0/FB080_scgpt_cluster_map,24,EN-ET-2,0.9336,0.0037,2,True,True,False
annot_scgpt_resgrid_R3.0/FB080_scgpt_cluster_map,25,EN-IT-DL-2,0.8809,0.0051,2,True,True,False
annot_scgpt_resgrid_R3.0/FB080_scgpt_cluster_map,26,EN-ET-3,0.9364,0.025,2,True,False,True
annot_scgpt_resgrid_R3.0/FB080_scgpt_cluster_map,27,vRG,0.9183,0.0237,2,True,False,True
annot_scgpt_resgrid_R3.0/FB080_scgpt_cluster_map,28,Dividing progenitor,0.923,0.0537,3,False,False,False
annot_scgpt_resgrid_R3.0/FB080_scgpt_cluster_map,29,Dividing progenitor,0.9081,0.077,3,False,False,False
annot_scgpt_resgrid_R3.0/FB080_scgpt_cluster_map,3,EN-IT-DL-3,0.9134,0.0019,2,True,True,False
annot_scgpt_resgrid_R3.0/FB080_scgpt_cluster_map,30,IPC,0.8813,0.0316,2,True,False,True
annot_scgpt_resgrid_R3.0/FB080_scgpt_cluster_map,31,Dividing progenitor,0.8781,0.0166,2,True,False,True
annot_scgpt_resgrid_R3.0/FB080_scgpt_cluster_map,32,Dividing progenitor,0.8594,0.0109,2,True,False,True
annot_scgpt_resgrid_R3.0/FB080_scgpt_cluster_map,33,Dividing progenitor,0.9098,0.0633,2,False,False,False
annot_scgpt_resgrid_R3.0/FB080_scgpt_cluster_map,4,EN-IT-UL-1,0.9197,0.0078,2,True,False,True
annot_scgpt_resgrid_R3.0/FB080_scgpt_cluster_map,5,EN-ET-5,0.9269,0.0058,2,True,True,False
annot_scgpt_resgrid_R3.0/FB080_scgpt_cluster_map,6,EN-IT-DL-3,0.914,0.0504,2,False,False,False
annot_scgpt_resgrid_R3.0/FB080_scgpt_cluster_map,7,EN-IT-DL-3,0.9182,0.0144,2,True,False,True
annot_scgpt_resgrid_R3.0/FB080_scgpt_cluster_map,8,EN-IT-UL-1,0.9157,0.0061,2,True,True,False
annot_scgpt_resgrid_R3.0/FB080_scgpt_cluster_map,9,OPC,0.8847,0.1244,3,False,False,False
annot_scgpt_resgrid_R3.5/FB080_scgpt_cluster_map,0,IN-MGE-3,0.9201,0.022,2,True,False,True
annot_scgpt_resgrid_R3.5/FB080_scgpt_cluster_map,1,EN-ET-5,0.9391,0.0671,3,False,False,False
annot_scgpt_resgrid_R3.5/FB080_scgpt_cluster_map,10,Microglia,0.8334,0.2894,3,False,False,False
annot_scgpt_resgrid_R3.5/FB080_scgpt_cluster_map,11,RG,0.8733,0.0572,3,False,False,False
annot_scgpt_resgrid_R3.5/FB080_scgpt_cluster_map,12,Dividing progenitor,0.9244,0.0563,3,False,False,False
annot_scgpt_resgrid_R3.5/FB080_scgpt_cluster_map,13,EN-Mig-2,0.8551,0.0005,2,True,True,False
annot_scgpt_resgrid_R3.5/FB080_scgpt_cluster_map,14,EN-Mig-1,0.879,0.0416,3,True,False,True
annot_scgpt_resgrid_R3.5/FB080_scgpt_cluster_map,15,IPC,0.8739,0.0733,3,False,False,False
annot_scgpt_resgrid_R3.5/FB080_scgpt_cluster_map,16,EN-L2,0.8827,0.0021,2,True,True,False
annot_scgpt_resgrid_R3.5/FB080_scgpt_cluster_map,17,IPC,0.7799,0.0144,1,True,False,True
annot_scgpt_resgrid_R3.5/FB080_scgpt_cluster_map,18,EN-IT-DL-3,0.9182,0.0161,2,True,False,True
annot_scgpt_resgrid_R3.5/FB080_scgpt_cluster_map,19,EN-IT-DL-3,0.9134,0.0497,2,True,False,True
annot_scgpt_resgrid_R3.5/FB080_scgpt_cluster_map,2,IN-MGE-3,0.7949,0.0549,2,False,False,False
annot_scgpt_resgrid_R3.5/FB080_scgpt_cluster_map,20,EN-IT-UL-1,0.9185,0.0079,2,True,False,True
annot_scgpt_resgrid_R3.5/FB080_scgpt_cluster_map,21,EN-IT-DL-2,0.9252,0.0047,2,True,True,False
annot_scgpt_resgrid_R3.5/FB080_scgpt_cluster_map,22,EN-IT-DL-2,0.9176,0.0033,1,True,True,False
annot_scgpt_resgrid_R3.5/FB080_scgpt_cluster_map,23,EN-IT-UL-1,0.9197,0.0053,2,True,True,False
annot_scgpt_resgrid_R3.5/FB080_scgpt_cluster_map,24,EN-IT-DL-3,0.9132,0.0027,2,True,True,False
annot_scgpt_resgrid_R3.5/FB080_scgpt_cluster_map,25,EN-IT-UL-1,0.9237,0.01,2,True,False,True
annot_scgpt_resgrid_R3.5/FB080_scgpt_cluster_map,26,EN-ET-2,0.9291,0.0252,3,True,False,True
annot_scgpt_resgrid_R3.5/FB080_scgpt_cluster_map,27,EN-ET-3,0.9396,0.0309,2,True,False,True
annot_scgpt_resgrid_R3.5/FB080_scgpt_cluster_map,28,EN-ET-2,0.9331,0.0011,2,True,True,False
annot_scgpt_resgrid_R3.5/FB080_scgpt_cluster_map,29,Dividing progenitor,0.8591,0.0148,2,True,False,True
annot_scgpt_resgrid_R3.5/FB080_scgpt_cluster_map,3,OPC,0.8848,0.1191,3,False,False,False
annot_scgpt_resgrid_R3.5/FB080_scgpt_cluster_map,30,EN-IT-DL-3,0.9154,0.0053,2,True,True,False
annot_scgpt_resgrid_R3.5/FB080_scgpt_cluster_map,31,vRG,0.9198,0.027,2,True,False,True
annot_scgpt_resgrid_R3.5/FB080_scgpt_cluster_map,32,Dividing progenitor,0.9109,0.0685,2,False,False,False
annot_scgpt_resgrid_R3.5/FB080_scgpt_cluster_map,33,Dividing progenitor,0.8768,0.0141,2,True,False,True
annot_scgpt_resgrid_R3.5/FB080_scgpt_cluster_map,34,IPC,0.882,0.0324,2,True,False,True
annot_scgpt_resgrid_R3.5/FB080_scgpt_cluster_map,35,Dividing progenitor,0.9061,0.0576,3,False,False,False
annot_scgpt_resgrid_R3.5/FB080_scgpt_cluster_map,4,IPC,0.8785,0.0309,3,True,False,True
annot_scgpt_resgrid_R3.5/FB080_scgpt_cluster_map,5,Dividing progenitor,0.9147,0.0548,3,False,False,False
annot_scgpt_resgrid_R3.5/FB080_scgpt_cluster_map,6,EN-IT-DL-2,0.8853,0.0054,2,True,True,False
annot_scgpt_resgrid_R3.5/FB080_scgpt_cluster_map,7,EN-IT-DL-3,0.9124,0.0314,2,True,False,True
annot_scgpt_resgrid_R3.5/FB080_scgpt_cluster_map,8,EN-ET-5,0.927,0.0059,2,True,False,True
annot_scgpt_resgrid_R3.5/FB080_scgpt_cluster_map,9,EN-ET-5,0.9452,0.0354,2,True,False,True
annot_scgpt_resgrid_R4.0/FB080_scgpt_cluster_map,0,IN-MGE-3,0.9195,0.0217,2,True,False,True
annot_scgpt_resgrid_R4.0/FB080_scgpt_cluster_map,1,EN-ET-5,0.9393,0.0684,3,False,False,False
annot_scgpt_resgrid_R4.0/FB080_scgpt_cluster_map,10,IPC,0.8597,0.0735,3,False,False,False
annot_scgpt_resgrid_R4.0/FB080_scgpt_cluster_map,11,EN-ET-5,0.9281,0.0003,2,True,True,False
annot_scgpt_resgrid_R4.0/FB080_scgpt_cluster_map,12,EN-IT-DL-3,0.9098,0.0503,2,False,False,False
annot_scgpt_resgrid_R4.0/FB080_scgpt_cluster_map,13,EN-IT-UL-1,0.9199,0.0045,2,True,True,False
annot_scgpt_resgrid_R4.0/FB080_scgpt_cluster_map,14,Microglia,0.8606,0.3815,3,False,False,False
annot_scgpt_resgrid_R4.0/FB080_scgpt_cluster_map,15,RG,0.8224,0.0607,3,False,False,False
annot_scgpt_resgrid_R4.0/FB080_scgpt_cluster_map,16,EN-IT-DL-3,0.9146,0.03,2,True,False,True
annot_scgpt_resgrid_R4.0/FB080_scgpt_cluster_map,17,EN-IT-UL-1,0.9055,0.0047,1,True,True,False
annot_scgpt_resgrid_R4.0/FB080_scgpt_cluster_map,18,EN-L2,0.8843,0.0037,2,True,True,False
annot_scgpt_resgrid_R4.0/FB080_scgpt_cluster_map,19,EN-Mig-1,0.8812,0.0498,3,True,False,True
annot_scgpt_resgrid_R4.0/FB080_scgpt_cluster_map,2,OPC,0.8576,0.0909,3,False,False,False
annot_scgpt_resgrid_R4.0/FB080_scgpt_cluster_map,20,EN-IT-DL-3,0.917,0.0046,2,True,True,False
annot_scgpt_resgrid_R4.0/FB080_scgpt_cluster_map,21,EN-IT-DL-3,0.9188,0.015,2,True,False,True
annot_scgpt_resgrid_R4.0/FB080_scgpt_cluster_map,22,IPC,0.8779,0.0532,2,False,False,False
annot_scgpt_resgrid_R4.0/FB080_scgpt_cluster_map,23,EN-Mig-2,0.8567,0.0014,2,True,True,False
annot_scgpt_resgrid_R4.0/FB080_scgpt_cluster_map,24,EN-IT-DL-2,0.8866,0.0048,2,True,True,False
annot_scgpt_resgrid_R4.0/FB080_scgpt_cluster_map,25,RG,0.9044,0.0417,3,True,False,True
annot_scgpt_resgrid_R4.0/FB080_scgpt_cluster_map,26,IPC,0.8821,0.0326,2,True,False,True
annot_scgpt_resgrid_R4.0/FB080_scgpt_cluster_map,27,IPC,0.8798,0.0365,3,True,False,True
annot_scgpt_resgrid_R4.0/FB080_scgpt_cluster_map,28,EN-IT-UL-1,0.9201,0.0109,2,True,False,True
annot_scgpt_resgrid_R4.0/FB080_scgpt_cluster_map,29,EN-IT-UL-1,0.9216,0.0171,3,True,False,True
annot_scgpt_resgrid_R4.0/FB080_scgpt_cluster_map,3,Dividing progenitor,0.9057,0.0513,3,False,False,False
annot_scgpt_resgrid_R4.0/FB080_scgpt_cluster_map,30,EN-IT-DL-2,0.9252,0.003,2,True,True,False
annot_scgpt_resgrid_R4.0/FB080_scgpt_cluster_map,31,EN-ET-2,0.9312,0.0238,3,True,False,True
annot_scgpt_resgrid_R4.0/FB080_scgpt_cluster_map,32,EN-IT-UL-1,0.9227,0.0071,2,True,False,True
annot_scgpt_resgrid_R4.0/FB080_scgpt_cluster_map,33,Dividing progenitor,0.8361,0.0637,3,False,False,False
annot_scgpt_resgrid_R4.0/FB080_scgpt_cluster_map,34,Dividing progenitor,0.9111,0.0644,2,False,False,False
annot_scgpt_resgrid_R4.0/FB080_scgpt_cluster_map,35,EN-ET-3,0.9399,0.0305,2,True,False,True
annot_scgpt_resgrid_R4.0/FB080_scgpt_cluster_map,36,vRG,0.9218,0.0307,2,True,False,True
annot_scgpt_resgrid_R4.0/FB080_scgpt_cluster_map,37,Dividing progenitor,0.9268,0.056,3,False,False,False
annot_scgpt_resgrid_R4.0/FB080_scgpt_cluster_map,38,EN-ET-2,0.933,0.0009,2,True,True,False
annot_scgpt_resgrid_R4.0/FB080_scgpt_cluster_map,39,Dividing progenitor,0.9067,0.0589,3,False,False,False
annot_scgpt_resgrid_R4.0/FB080_scgpt_cluster_map,4,EN-IT-DL-3,0.9137,0.0001,2,True,True,False
annot_scgpt_resgrid_R4.0/FB080_scgpt_cluster_map,40,IPC,0.8563,0.0017,2,True,True,False
annot_scgpt_resgrid_R4.0/FB080_scgpt_cluster_map,41,Dividing progenitor,0.8782,0.0176,2,True,False,True
annot_scgpt_resgrid_R4.0/FB080_scgpt_cluster_map,5,EN-IT-UL-1,0.9243,0.0061,2,True,False,True
annot_scgpt_resgrid_R4.0/FB080_scgpt_cluster_map,6,EN-ET-5,0.869,0.0239,2,True,False,True
annot_scgpt_resgrid_R4.0/FB080_scgpt_cluster_map,7,EN-ET-5,0.9484,0.0458,2,True,False,True
annot_scgpt_resgrid_R4.0/FB080_scgpt_cluster_map,8,IN-MGE-3,0.823,0.0336,2,True,False,True
annot_scgpt_resgrid_R4.0/FB080_scgpt_cluster_map,9,EN-Mig-1,0.8045,0.0135,2,True,False,True
annot_scvi/FB080_scvi_cluster_map,0,IN-MGE-3,0.8875,0.0658,2,False,False,False
annot_scvi/FB080_scvi_cluster_map,1,RG,0.872,0.0712,3,False,False,False
annot_scvi/FB080_scvi_cluster_map,10,Dividing progenitor,0.867,0.0039,2,True,True,False
annot_scvi/FB080_scvi_cluster_map,11,EN-IT-DL-3,0.8826,0.019,2,True,False,True
annot_scvi/FB080_scvi_cluster_map,12,EN-Mig-2,0.8402,0.0014,2,True,True,False
annot_scvi/FB080_scvi_cluster_map,13,EN-L2,0.8882,0.0092,3,True,False,True
annot_scvi/FB080_scvi_cluster_map,14,EN-Mig-2,0.8667,0.0028,2,True,True,False
annot_scvi/FB080_scvi_cluster_map,15,EN-L2,0.9033,0.016,3,True,False,True
annot_scvi/FB080_scvi_cluster_map,16,EN-ET-2,0.9018,0.0244,3,True,False,True
annot_scvi/FB080_scvi_cluster_map,17,EN-ET-2,0.9371,0.0233,3,True,False,True
annot_scvi/FB080_scvi_cluster_map,18,EN-IT-UL-1,0.9294,0.0188,3,True,False,True
annot_scvi/FB080_scvi_cluster_map,19,EN-IT-L4-V1,0.9145,0.0076,2,True,False,True
annot_scvi/FB080_scvi_cluster_map,2,EN-IT-DL-1,0.912,0.0025,3,True,False,True
annot_scvi/FB080_scvi_cluster_map,20,EN-IT-DL-1,0.9272,0.0008,2,True,True,False
annot_scvi/FB080_scvi_cluster_map,21,EN-IT-L4-V1,0.9157,0.0253,3,True,False,True
annot_scvi/FB080_scvi_cluster_map,22,EN-IT-DL-3,0.9156,0.0193,2,True,False,True
annot_scvi/FB080_scvi_cluster_map,23,EN-IT-UL-1,0.9094,0.0025,1,True,True,False
annot_scvi/FB080_scvi_cluster_map,24,EN-IT-UL-1,0.8768,0.0018,1,True,True,False
annot_scvi/FB080_scvi_cluster_map,25,IPC,0.8768,0.0765,3,False,False,False
annot_scvi/FB080_scvi_cluster_map,26,IPC,0.8941,0.0869,3,False,False,False
annot_scvi/FB080_scvi_cluster_map,27,EN-Mig-1,0.878,0.0341,3,True,False,True
annot_scvi/FB080_scvi_cluster_map,28,EN-ET-3,0.9423,0.0334,3,True,False,True
annot_scvi/FB080_scvi_cluster_map,29,EN-ET-3,0.959,0.0595,3,False,False,False
annot_scvi/FB080_scvi_cluster_map,3,EN-Mig-1,0.8565,0.0243,3,True,False,True
annot_scvi/FB080_scvi_cluster_map,30,EN-ET-5,0.9476,0.0405,2,True,False,True
annot_scvi/FB080_scvi_cluster_map,31,Dividing progenitor,0.8955,0.0414,2,True,False,True
annot_scvi/FB080_scvi_cluster_map,32,EN-Mig-1,0.8658,0.0024,2,True,True,False
annot_scvi/FB080_scvi_cluster_map,33,vRG,0.9216,0.0331,2,True,False,True
annot_scvi/FB080_scvi_cluster_map,34,EN-IT-DL-3,0.8236,0.0161,2,True,False,True
annot_scvi/FB080_scvi_cluster_map,35,Microglia,0.7342,0.0379,3,True,False,True
annot_scvi/FB080_scvi_cluster_map,36,EN-Mig-1,0.881,0.0176,3,True,False,True
annot_scvi/FB080_scvi_cluster_map,4,EN-ET-5,0.9264,0.0388,2,True,False,True
annot_scvi/FB080_scvi_cluster_map,5,EN-ET-5,0.8752,0.0071,2,True,True,False
annot_scvi/FB080_scvi_cluster_map,6,EN-IT-DL-1,0.9281,0.0073,3,True,False,True
annot_scvi/FB080_scvi_cluster_map,7,IPC,0.8301,0.0481,2,True,False,True
annot_scvi/FB080_scvi_cluster_map,8,Dividing progenitor,0.87,0.0267,3,True,False,True
annot_scvi/FB080_scvi_cluster_map,9,Dividing progenitor,0.9155,0.0964,3,False,False,False
annot_scvi_coarse/FB080_scvi_cluster_map,0,IN-MGE,0.8551,0.0336,3,True,False,True
annot_scvi_coarse/FB080_scvi_cluster_map,1,RG,0.8562,0.0554,3,False,False,False
annot_scvi_coarse/FB080_scvi_cluster_map,10,Dividing progenitor,0.867,0.0039,2,True,True,False
annot_scvi_coarse/FB080_scvi_cluster_map,11,EN-L2,0.853,0.0313,3,True,False,True
annot_scvi_coarse/FB080_scvi_cluster_map,12,EN-Mig,0.8539,0.0415,3,True,False,True
annot_scvi_coarse/FB080_scvi_cluster_map,13,EN-L2,0.8882,0.026,3,True,False,True
annot_scvi_coarse/FB080_scvi_cluster_map,14,EN-Mig,0.88,0.0472,3,True,False,True
annot_scvi_coarse/FB080_scvi_cluster_map,15,EN-L2,0.9033,0.0398,3,True,False,True
annot_scvi_coarse/FB080_scvi_cluster_map,16,EN-ET,0.8685,0.1914,3,False,False,False
annot_scvi_coarse/FB080_scvi_cluster_map,17,EN-ET,0.9005,0.2129,3,False,False,False
annot_scvi_coarse/FB080_scvi_cluster_map,18,EN-IT-UL,0.914,0.0255,3,True,False,True
annot_scvi_coarse/FB080_scvi_cluster_map,19,EN-IT-L4-V1,0.9145,0.012,2,True,True,False
annot_scvi_coarse/FB080_scvi_cluster_map,2,EN-IT-DL,0.9223,0.0956,3,False,False,False
annot_scvi_coarse/FB080_scvi_cluster_map,20,EN-IT-DL,0.938,0.0966,3,False,False,False
annot_scvi_coarse/FB080_scvi_cluster_map,21,EN-IT-L4-V1,0.9157,0.0325,3,True,False,True
annot_scvi_coarse/FB080_scvi_cluster_map,22,EN-IT-UL,0.9004,0.0622,3,False,False,False
annot_scvi_coarse/FB080_scvi_cluster_map,23,EN-IT-UL,0.9113,0.044,3,True,False,True
annot_scvi_coarse/FB080_scvi_cluster_map,24,EN-IT-UL,0.8637,0.0021,2,True,True,False
annot_scvi_coarse/FB080_scvi_cluster_map,25,IPC,0.8768,0.0765,3,False,False,False
annot_scvi_coarse/FB080_scvi_cluster_map,26,IPC,0.8941,0.0931,3,False,False,False
annot_scvi_coarse/FB080_scvi_cluster_map,27,EN-Mig,0.8747,0.0308,3,True,False,True
annot_scvi_coarse/FB080_scvi_cluster_map,28,EN-ET,0.9394,0.2297,3,False,False,False
annot_scvi_coarse/FB080_scvi_cluster_map,29,EN-ET,0.9346,0.2341,3,False,False,False
annot_scvi_coarse/FB080_scvi_cluster_map,3,EN-Mig,0.8413,0.0091,2,True,True,False
annot_scvi_coarse/FB080_scvi_cluster_map,30,EN-ET,0.932,0.136,3,False,False,False
annot_scvi_coarse/FB080_scvi_cluster_map,31,Dividing progenitor,0.8955,0.0414,2,True,False,True
annot_scvi_coarse/FB080_scvi_cluster_map,32,IPC,0.8634,0.0214,2,True,True,False
annot_scvi_coarse/FB080_scvi_cluster_map,33,RG,0.9133,0.0484,3,True,False,True
annot_scvi_coarse/FB080_scvi_cluster_map,34,EN-L2,0.8074,0.014,3,True,False,True
annot_scvi_coarse/FB080_scvi_cluster_map,35,Microglia,0.7342,0.0379,3,True,False,True
annot_scvi_coarse/FB080_scvi_cluster_map,36,EN-Mig,0.8882,0.0712,3,False,False,False
annot_scvi_coarse/FB080_scvi_cluster_map,4,EN-ET,0.9135,0.1303,3,False,False,False
annot_scvi_coarse/FB080_scvi_cluster_map,5,unknown,0.8135,0.0107,2,True,True,False
annot_scvi_coarse/FB080_scvi_cluster_map,6,EN-IT-DL,0.9362,0.0999,3,False,False,False
annot_scvi_coarse/FB080_scvi_cluster_map,7,IPC,0.8301,0.0481,3,True,False,True
annot_scvi_coarse/FB080_scvi_cluster_map,8,Dividing progenitor,0.87,0.0238,3,True,False,True
annot_scvi_coarse/FB080_scvi_cluster_map,9,Dividing progenitor,0.9155,0.1045,3,False,False,False
