column,pathway,direction,v1_mean,v2_mean,diff,log2fc,rank_biserial,u_pvalue,q_value,abs_rank_biserial
s-BAG,BAG,s,0.0011447430463215164,0.002115892246953994,-0.0009711492006324776,-0.8862417793296686,-0.6118782226019931,0.0,0.0,0.6118782226019931
r-CD40,CD40,r,0.012015685221004957,0.025243901817318396,-0.013228216596313439,-1.0710159307462976,-0.5284788568117473,0.0,0.0,0.5284788568117473
r-GHRH,GHRH,r,0.004232194152910392,0.006822450943174851,-0.002590256790264459,-0.6888841734696332,-0.48560510883317,0.0,0.0,0.48560510883317
s-SEMA3,SEMA3,s,15.905696245659154,20.778790370096353,-4.873094124437198,-0.38556814582662025,-0.4788878611001537,0.0,0.0,0.4788878611001537
r-OSM,OSM,r,0.0503384019236285,0.08713005936083888,-0.036791657437210384,-0.7915110974778492,-0.4584154348252706,0.0,0.0,0.4584154348252706
r-SELPLG,SELPLG,r,0.1157886158987386,0.15937737193331267,-0.04358875603457407,-0.4609533921718906,-0.45542297337208937,0.0,0.0,0.45542297337208937
r-RANKL,RANKL,r,0.014796609399536769,0.0269834232484731,-0.01218681384893633,-0.866806718871266,-0.4509223466634088,0.0,0.0,0.4509223466634088
r-JAM,JAM,r,10.76874826128078,12.14434787271822,-1.3755996114374387,-0.17343445867646767,-0.4304004781936731,0.0,0.0,0.4304004781936731
s-GHRH,GHRH,s,0.004232194152910392,0.006822450943174852,-0.0025902567902644606,-0.6888841734696337,-0.42760823409974835,0.0,0.0,0.42760823409974835
r-EPHB,EPHB,r,8.538466988386599,9.575590013457978,-1.037123025071379,-0.1653843143924428,-0.4240741778514022,0.0,0.0,0.4240741778514022
s-MAG,MAG,s,0.000286944327746788,0.0004984431889063568,-0.0002114988611595688,-0.7966560906578867,-0.424036224863786,0.0,0.0,0.424036224863786
r-MAG,MAG,r,0.000286944327746788,0.0004984431889063568,-0.0002114988611595688,-0.7966560906578867,-0.42401566883376707,0.0,0.0,0.42401566883376707
s-CD40,CD40,s,0.012015685221004957,0.025243901817318396,-0.013228216596313439,-1.0710159307462976,-0.4169541460867774,0.0,0.0,0.4169541460867774
s-JAM,JAM,s,10.76874826128078,12.14434787271822,-1.3755996114374387,-0.17343445867646767,-0.4137113338887798,0.0,0.0,0.4137113338887798
r-NT,NT,r,0.5027408503156382,0.858504036517602,-0.3557631862019638,-0.7720099960321019,-0.4076802363181028,0.0,0.0,0.4076802363181028
s-LIGHT,LIGHT,s,0.006307650697021341,0.011352001587259854,-0.005044350890238513,-0.8477719202296583,-0.40495184923799765,0.0,0.0,0.40495184923799765
r-CSPG4,CSPG4,r,0.007657354025650227,0.012318277051030176,-0.004660923025379949,-0.685882545401503,-0.40320597504218814,0.0,0.0,0.40320597504218814
s-VCAM,VCAM,s,0.027680579920635075,0.040423985073257174,-0.012743405152622098,-0.546337367513387,-0.4014428072916465,0.0,0.0,0.4014428072916465
r-VWF,VWF,r,0.06713131791072896,0.11805601276321531,-0.05092469485248635,-0.8144136421590166,-0.39814434872688875,0.0,0.0,0.39814434872688875
s-TGFb,TGFb,s,0.6020970395611217,0.8290369175071659,-0.2269398779460442,-0.4614403226832966,-0.3940290176381298,0.0,0.0,0.3940290176381298
s-SEMA4,SEMA4,s,8.832591971289139,9.815262108845905,-0.9826701375567666,-0.15218992765385247,-0.3921606519487226,0.0,0.0,0.3921606519487226
s-OSM,OSM,s,0.050338401923628505,0.08713005936083888,-0.03679165743721038,-0.7915110974778492,-0.39051892328039584,0.0,0.0,0.39051892328039584
s-GDF,GDF,s,3.4179538665826077,3.0555901809357633,0.3623636856468444,0.1616818639671012,0.3848050969505723,0.0,0.0,0.3848050969505723
s-RANKL,RANKL,s,0.014796609399536769,0.0269834232484731,-0.01218681384893633,-0.866806718871266,-0.3831203655582649,0.0,0.0,0.3831203655582649
s-NKG2D,NKG2D,s,0.0014312576907196495,0.002479369992849847,-0.0010481123021301975,-0.7926897072958153,-0.3824011944951917,0.0,0.0,0.3824011944951917
r-BAG,BAG,r,0.0011447430463215164,0.0021158922469539936,-0.0009711492006324771,-0.8862417793296683,-0.3823903436283095,0.0,0.0,0.3823903436283095
r-VCAM,VCAM,r,0.027680579920635065,0.040423985073257174,-0.012743405152622109,-0.5463373675133875,-0.3810290646703486,0.0,0.0,0.3810290646703486
s-SEMATOSTATIN,SEMATOSTATIN,s,0.2612107590820821,0.3454067811590594,-0.0841960220769773,-0.4030820836710857,-0.3718835376011743,0.0,0.0,0.3718835376011743
r-GRN,GRN,r,0.17551136421298924,0.2043665021672546,-0.028855137954265364,-0.2195942946633526,-0.37115523307791665,0.0,0.0,0.37115523307791665
r-IL1,IL1,r,0.04112361096907268,0.05750501090466467,-0.01638139993559199,-0.483720716124504,-0.36893466436197464,0.0,0.0,0.36893466436197464
s-EPHB,EPHB,s,8.538466988386599,9.575590013457978,-1.037123025071379,-0.1653843143924428,-0.3680439787367311,0.0,0.0,0.3680439787367311
r-KISS1,KISS1,r,0.00046032798473110337,0.0006596923521361351,-0.0001993643674050317,-0.5191302815760057,-0.3672638955734373,0.0,0.0,0.3672638955734373
r-VISTA,VISTA,r,0.058200633520660544,0.07941011303807767,-0.021209479517417126,-0.44828788544912995,-0.36523866268238114,0.0,0.0,0.36523866268238114
s-APP,APP,s,0.04421229642955198,0.05738253587678092,-0.013170239447228935,-0.3761640470854477,-0.36480360041239457,0.0,0.0,0.36480360041239457
s-GAS,GAS,s,1.1249813850175614,1.271923951094451,-0.1469425660768897,-0.17711128419349131,-0.3647859869981329,0.0,0.0,0.3647859869981329
s-HGF,HGF,s,0.05329386544720116,0.07511997889240916,-0.021826113445208004,-0.4952271730185718,-0.36238897622882105,0.0,0.0,0.36238897622882105
r-SEMA3,SEMA3,r,15.905696245659154,20.77879037009635,-4.873094124437195,-0.38556814582662,-0.3605389932709919,0.0,0.0,0.3605389932709919
r-NKG2D,NKG2D,r,0.0014312576907196495,0.0024793699928498474,-0.001048112302130198,-0.7926897072958157,-0.35901749731812027,0.0,0.0,0.35901749731812027
r-CDH5,CDH5,r,0.008705441827843182,0.012802796347206439,-0.0040973545193632565,-0.5564694745566754,-0.35740947798382505,0.0,0.0,0.35740947798382505
s-CDH5,CDH5,s,0.008705441827843182,0.012802796347206439,-0.0040973545193632565,-0.5564694745566754,-0.35740671919538347,0.0,0.0,0.35740671919538347
s-CSPG4,CSPG4,s,0.007657354025650227,0.012318277051030177,-0.004660923025379951,-0.6858825454015032,-0.35205882227776397,0.0,0.0,0.35205882227776397
s-ANGPT,ANGPT,s,0.3267094820492077,0.3721186412320486,-0.045409159182840886,-0.187754336799612,-0.3505181839269318,0.0,0.0,0.3505181839269318
s-VEGF,VEGF,s,0.2265013791705187,0.30104853074985327,-0.07454715157933456,-0.41047623997951926,-0.3454936861337373,0.0,0.0,0.3454936861337373
r-LIGHT,LIGHT,r,0.006307650697021341,0.011352001587259852,-0.005044350890238511,-0.8477719202296581,-0.34521044408644486,0.0,0.0,0.34521044408644486
r-LAMININ,LAMININ,r,30.94704284676522,35.08005580894997,-4.1330129621847504,-0.18084948406405607,-0.3449745614705171,0.0,0.0,0.3449745614705171
s-OCLN,OCLN,s,0.40631118230621555,0.4736961607295759,-0.06738497842336033,-0.221376908237691,-0.3392764266403686,0.0,0.0,0.3392764266403686
r-OCLN,OCLN,r,0.40631118230621555,0.4736961607295759,-0.06738497842336033,-0.221376908237691,-0.33926225125648035,0.0,0.0,0.33926225125648035
s-TWEAK,TWEAK,s,0.005309903857482606,0.007221646208524664,-0.0019117423510420575,-0.4436419324080853,-0.33626124688836656,0.0,0.0,0.33626124688836656
r-LEP,LEP,r,0.09553434812235397,0.11526696952819059,-0.01973262140583662,-0.27088772271252354,-0.3360948454829846,0.0,0.0,0.3360948454829846
s-EGF,EGF,s,1.424088603880934,1.661485763913267,-0.23739716003233302,-0.2224350208808955,-0.3322164365536242,0.0,0.0,0.3322164365536242
s-SEMA6,SEMA6,s,7.428800313360583,6.898534031133682,0.5302662822269006,0.10683943144750992,0.332052074712311,0.0,0.0,0.332052074712311
s-PARs,PARs,s,1.2864097780240442,1.5015307704416794,-0.21512099241763516,-0.22308376215286804,-0.33026953064354936,0.0,0.0,0.33026953064354936
s-VWF,VWF,s,0.06713131791072896,0.11805601276321531,-0.05092469485248635,-0.8144136421590166,-0.3266882555917351,0.0,0.0,0.3266882555917351
s-NGL,NGL,s,2.9287011070856255,3.2582762908974763,-0.3295751838118508,-0.15384798034163796,-0.3194524806342748,0.0,0.0,0.3194524806342748
s-CX3C,CX3C,s,0.03360368054830546,0.05281430155702938,-0.01921062100872392,-0.6523093761561259,-0.3194182143034766,0.0,0.0,0.3194182143034766
r-ANGPTL,ANGPTL,r,1.7899722178221098,2.066568775405672,-0.27659655758356205,-0.2073001817140926,-0.319133806791002,0.0,0.0,0.319133806791002
r-GDF,GDF,r,3.4179538665826077,3.0555901809357633,0.3623636856468444,0.1616818639671012,0.31854816053701995,0.0,0.0,0.31854816053701995
r-CCL,CCL,r,0.6710205878085611,0.7685047221040238,-0.09748413429546265,-0.19569709344371009,-0.3182140709350456,0.0,0.0,0.3182140709350456
r-CADM,CADM,r,5.001426344717008,5.262315497866571,-0.26088915314956296,-0.07335815440960676,-0.3178331770602003,0.0,0.0,0.3178331770602003
s-CADM,CADM,s,5.001426344717008,5.262315497866571,-0.26088915314956296,-0.07335815440960676,-0.31779499796498567,0.0,0.0,0.31779499796498567
r-NTS,NTS,r,0.0069015181714462285,0.008854265082677878,-0.00195274691123165,-0.3594587642544516,-0.31701971177549715,0.0,0.0,0.31701971177549715
s-CD80,CD80,s,0.10465515667651436,0.12306129995946358,-0.01840614328294922,-0.23373373629712882,-0.3163029626373095,0.0,0.0,0.3163029626373095
r-PARs,PARs,r,1.2864097780240442,1.5015307704416796,-0.21512099241763538,-0.2230837621528684,-0.31592097590907176,0.0,0.0,0.31592097590907176
r-ACTIVIN,ACTIVIN,r,3.5938028725967306,3.821174764094674,-0.22737189149794323,-0.088504965586713,-0.3142769392887954,0.0,0.0,0.3142769392887954
r-OX40,OX40,r,0.0003517091970908988,0.0002935241707461292,5.8185026344769613e-05,0.2609029389793341,0.31286797460598437,0.0,0.0,0.31286797460598437
s-ANGPTL,ANGPTL,s,1.7899722178221098,2.0665687754056723,-0.2765965575835625,-0.20730018171409276,-0.3124177098169826,0.0,0.0,0.3124177098169826
r-SPP1,SPP1,r,0.7941030219818369,0.9927621052401897,-0.1986590832583528,-0.32212186120654024,-0.31206285783882737,0.0,0.0,0.31206285783882737
r-HSPG,HSPG,r,0.26569089587582306,0.3094622587086148,-0.04377136283279176,-0.2200146781910129,-0.30696251289514154,0.0,0.0,0.30696251289514154
r-NGF,NGF,r,0.021294241847947044,0.03272314912433994,-0.011428907276392897,-0.619848203948657,-0.30694808153171615,0.0,0.0,0.30694808153171615
r-GCG,GCG,r,0.004500225825926142,0.003040793955841158,0.0014594318700849838,0.5655491826214346,0.3066955331313397,0.0,0.0,0.3066955331313397
r-SEMA6,SEMA6,r,7.428800313360583,6.898534031133682,0.5302662822269006,0.10683943144750992,0.30595188178462385,0.0,0.0,0.30595188178462385
r-L1CAM,L1CAM,r,1.9298055540789674,2.047638096538146,-0.11783254245917862,-0.08550526332702844,-0.3050986601663367,0.0,0.0,0.3050986601663367
r-CD99,CD99,r,0.8506546963396548,1.066222448038782,-0.21556775169912723,-0.3258629343308358,-0.30132008417563083,0.0,0.0,0.30132008417563083
s-SELPLG,SELPLG,s,0.1157886158987386,0.15937737193331267,-0.04358875603457407,-0.4609533921718906,-0.29890037624763943,0.0,0.0,0.29890037624763943
s-L1CAM,L1CAM,s,1.9298055540789674,2.0476380965381464,-0.11783254245917907,-0.08550526332702878,-0.29810623856691754,0.0,0.0,0.29810623856691754
r-HCRT,HCRT,r,0.047704174646821175,0.06330508690938255,-0.015600912262561377,-0.4082059016358536,-0.2949762733623953,0.0,0.0,0.2949762733623953
s-TENASCIN,TENASCIN,s,3.237236029011897,3.6376829016246313,-0.40044687261273415,-0.16825723084920655,-0.2914743767838086,0.0,0.0,0.2914743767838086
s-NT,NT,s,0.5027408503156382,0.8585040365176022,-0.355763186201964,-0.7720099960321024,-0.29098086386135946,0.0,0.0,0.29098086386135946
s-ADGRE5,ADGRE5,s,0.03533609400761247,0.046801079451627356,-0.011464985444014884,-0.40539921986115507,-0.28971595637369696,0.0,0.0,0.28971595637369696
r-NPR2,NPR2,r,0.007462018618114153,0.011440885918894483,-0.00397886730078033,-0.6165608386547745,-0.2894619961795353,0.0,0.0,0.2894619961795353
s-AMH,AMH,s,0.0059396684300157595,0.00847260112078444,-0.00253293269076868,-0.5124224800736379,-0.2883460458041236,0.0,0.0,0.2883460458041236
r-TGFb,TGFb,r,0.6020970395611217,0.829036917507166,-0.2269398779460443,-0.4614403226832968,-0.288309946714987,0.0,0.0,0.288309946714987
s-MADCAM,MADCAM,s,0.009033049546406016,0.011741882836472078,-0.002708833290066062,-0.3783787023214887,-0.2879084108708526,0.0,0.0,0.2879084108708526
s-SAA,SAA,s,0.002868530416643965,0.005755979905458043,-0.002887449488814078,-1.004749487459245,-0.28619421104068876,0.0,0.0,0.28619421104068876
s-IL4,IL4,s,0.13426295789803241,0.1762718186096341,-0.042008860711601675,-0.3927405088463501,-0.2852491511337104,0.0,0.0,0.2852491511337104
r-LT,LT,r,0.05352603443290479,0.04061632361605311,0.012909710816851681,0.3981811034408884,0.2843935452751376,0.0,0.0,0.2843935452751376
s-LAMININ,LAMININ,s,30.94704284676523,35.08005580894997,-4.133012962184743,-0.1808494840640557,-0.2837907240350419,0.0,0.0,0.2837907240350419
s-EDN,EDN,s,0.150149462349491,0.18218827680077496,-0.03203881445128395,-0.2790308189450504,-0.2832595724696866,0.0,0.0,0.2832595724696866
r-SEMATOSTATIN,SEMATOSTATIN,r,0.2612107590820821,0.3454067811590593,-0.08419602207697724,-0.4030820836710855,-0.2826811386804392,0.0,0.0,0.2826811386804392
s-UCN,UCN,s,0.17208391782927385,0.2060476072082199,-0.03396368937894606,-0.259865432548692,-0.28145807304725823,0.0,0.0,0.28145807304725823
s-IL16,IL16,s,0.10444331646655064,0.13191323671886457,-0.02746992025231393,-0.3368691604914578,-0.2809564708037783,0.0,0.0,0.2809564708037783
r-NEGR,NEGR,r,3.1353291823655334,2.8230489448423466,0.3122802375231868,0.15136277954469837,0.28087529174199255,0.0,0.0,0.28087529174199255
s-NEGR,NEGR,s,3.1353291823655334,2.823048944842346,0.31228023752318723,0.15136277954469837,0.2808727126447521,0.0,0.0,0.2808727126447521
r-ANGPT,ANGPT,r,0.3267094820492077,0.3721186412320486,-0.045409159182840886,-0.187754336799612,-0.2802519167697195,0.0,0.0,0.2802519167697195
s-OX40,OX40,s,0.0003517091970908988,0.0002935241707461292,5.8185026344769613e-05,0.2609029389793341,0.2795576754480762,0.0,0.0,0.2795576754480762
r-GAS,GAS,r,1.1249813850175614,1.271923951094451,-0.1469425660768897,-0.17711128419349131,-0.27886374617330123,0.0,0.0,0.27886374617330123
r-NPY,NPY,r,1.1186289846435746,1.4493121698495341,-0.3306831852059595,-0.3736367552504526,-0.2788587446916071,0.0,0.0,0.2788587446916071
r-CD39,CD39,r,0.7894837891704343,0.8973897359802371,-0.10790594680980281,-0.18482503998747557,-0.2787852624795333,0.0,0.0,0.2787852624795333
r-COLLAGEN,COLLAGEN,r,27.863428989202315,30.236392125103553,-2.3729631359012373,-0.11791319127611745,-0.27762796566425596,0.0,0.0,0.27762796566425596
r-ADGRE5,ADGRE5,r,0.03533609400761246,0.046801079451627356,-0.011464985444014898,-0.4053992198611557,-0.2732154051077468,0.0,0.0,0.2732154051077468
r-VEGF,VEGF,r,0.2265013791705187,0.3010485307498532,-0.0745471515793345,-0.41047623997951904,-0.2718708268614246,0.0,0.0,0.2718708268614246
r-BMP,BMP,r,5.049959831727553,5.888822112104966,-0.8388622803774135,-0.2217071811546665,-0.2714864025829796,0.0,0.0,0.2714864025829796
r-TWEAK,TWEAK,r,0.005309903857482606,0.007221646208524664,-0.0019117423510420575,-0.4436419324080853,-0.2697640031353955,0.0,0.0,0.2697640031353955
r-MPZ,MPZ,r,2.3654651733232708,2.472574157125338,-0.10710898380206713,-0.06388987048277499,-0.26930158000772797,0.0,0.0,0.26930158000772797
s-PSAP,PSAP,s,0.6915376041192159,0.790346339627388,-0.09880873550817204,-0.19267729483015367,-0.2692822615951125,0.0,0.0,0.2692822615951125
s-CD23,CD23,s,0.07728207701374823,0.10036176190169807,-0.023079684887949842,-0.3770039257151861,-0.2663560202558951,0.0,0.0,0.2663560202558951
s-HCRT,HCRT,s,0.04770417464682118,0.06330508690938257,-0.015600912262561384,-0.4082059016358538,-0.2660036844141247,0.0,0.0,0.2660036844141247
r-CDH1,CDH1,r,0.450198993850152,0.5557009457633056,-0.10550195191315365,-0.30374586252982094,-0.2649531255510511,0.0,0.0,0.2649531255510511
r-SEMA4,SEMA4,r,8.832591971289137,9.815262108845904,-0.9826701375567666,-0.15218992765385247,-0.263348246906446,0.0,0.0,0.263348246906446
s-CD137,CD137,s,0.004340578366100648,0.005331002217487602,-0.0009904238513869538,-0.29651943115664003,-0.25813221759466576,0.0,0.0,0.25813221759466576
s-NPR2,NPR2,s,0.007462018618114153,0.011440885918894483,-0.00397886730078033,-0.6165608386547745,-0.2545854703680064,0.0,0.0,0.2545854703680064
s-NGF,NGF,s,0.021294241847947048,0.03272314912433994,-0.011428907276392893,-0.6198482039486567,-0.25339489207677524,0.0,0.0,0.25339489207677524
r-TRAIL,TRAIL,r,0.01572245702075333,0.021283317883648876,-0.0055608608628955475,-0.43689635615967437,-0.2531090939106567,0.0,0.0,0.2531090939106567
s-MPZ,MPZ,s,2.3654651733232708,2.472574157125338,-0.10710898380206713,-0.06388987048277499,-0.2529504242821766,0.0,0.0,0.2529504242821766
r-ncWNT,ncWNT,r,4.760644064656789,5.120862169629641,-0.36021810497285145,-0.10522996070763298,-0.25217359945805506,0.0,0.0,0.25217359945805506
s-VISTA,VISTA,s,0.058200633520660544,0.07941011303807767,-0.021209479517417126,-0.44828788544912995,-0.2502303011590523,0.0,0.0,0.2502303011590523
r-CSF,CSF,r,0.11472015832618397,0.12758640661980125,-0.01286624829361728,-0.15335570739550416,0.248923332143266,0.0,0.0,0.248923332143266
s-KISS1,KISS1,s,0.00046032798473110337,0.0006596923521361351,-0.0001993643674050317,-0.5191302815760057,-0.24767018684640374,0.0,0.0,0.24767018684640374
r-CSF3,CSF3,r,0.02907853078813651,0.04042130008594053,-0.011342769297804024,-0.4751613325167323,-0.24751889880378874,0.0,0.0,0.24751889880378874
s-LIFR,LIFR,s,0.33099648819529653,0.38558501733111394,-0.05458852913581741,-0.22023308285328566,-0.24683240488436897,0.0,0.0,0.24683240488436897
s-CD48,CD48,s,0.0035187053613144636,0.009021961393228911,-0.005503256031914448,-1.3583961472727388,-0.24621186728671496,0.0,0.0,0.24621186728671496
r-UCN,UCN,r,0.17208391782927385,0.2060476072082199,-0.03396368937894606,-0.259865432548692,-0.2447232079476931,0.0,0.0,0.2447232079476931
r-VEGI,VEGI,r,0.005845428505832369,0.007139195299218533,-0.001293766793386164,-0.2884526369843162,-0.24458807740699884,0.0,0.0,0.24458807740699884
r-PROS,PROS,r,0.9711726567960494,1.0623027442008453,-0.09113008740479589,-0.1293952678517467,-0.2440886829295813,0.0,0.0,0.2440886829295813
r-CD23,CD23,r,0.07728207701374824,0.10036176190169807,-0.023079684887949828,-0.3770039257151859,-0.24265587216736695,0.0,0.0,0.24265587216736695
s-LEP,LEP,s,0.09553434812235397,0.11526696952819059,-0.01973262140583662,-0.27088772271252354,-0.24153964145529871,0.0,0.0,0.24153964145529871
r-TENASCIN,TENASCIN,r,3.237236029011897,3.6376829016246313,-0.40044687261273415,-0.16825723084920655,-0.24129710061399334,0.0,0.0,0.24129710061399334
s-NTS,NTS,s,0.0069015181714462285,0.008854265082677878,-0.00195274691123165,-0.3594587642544516,-0.23865825581940525,0.0,0.0,0.23865825581940525
r-CX3C,CX3C,r,0.03360368054830546,0.05281430155702939,-0.01921062100872393,-0.6523093761561262,-0.2379472163576457,0.0,0.0,0.2379472163576457
s-CCL,CCL,s,0.6710205878085611,0.7685047221040237,-0.09748413429546254,-0.1956970934437099,-0.23760752002254015,0.0,0.0,0.23760752002254015
r-BRADYKININ,BRADYKININ,r,0.00245034927848823,0.0019908140173227474,0.00045953526116548253,0.29962882290942205,0.23734263589013804,0.0,0.0,0.23734263589013804
s-GHRELIN,GHRELIN,s,0.006928734342562376,0.00367801991101445,0.003250714431547926,0.9136623684876581,0.23439050890744917,0.0,0.0,0.23439050890744917
r-THBS,THBS,r,7.816949756242451,8.308339041067235,-0.49138928482478406,-0.08795432507272982,-0.2341883080514554,0.0,0.0,0.2341883080514554
r-TSH,TSH,r,0.0388227879131766,0.04382925826825241,-0.005006470355075808,-0.17499053627792693,-0.23411519257487645,0.0,0.0,0.23411519257487645
s-CD39,CD39,s,0.7894837891704343,0.897389735980237,-0.1079059468098027,-0.18482503998747538,-0.23266334189843008,0.0,0.0,0.23266334189843008
s-APELIN,APELIN,s,0.009494801048281275,0.013230726798962297,-0.003735925750681022,-0.47868259603093744,-0.23230499352472878,0.0,0.0,0.23230499352472878
s-BMP,BMP,s,5.049959831727553,5.888822112104966,-0.8388622803774135,-0.2217071811546665,-0.2319982629421623,0.0,0.0,0.2319982629421623
s-THBS,THBS,s,7.81694975624245,8.308339041067235,-0.49138928482478494,-0.08795432507272999,-0.2315492141708544,0.0,0.0,0.2315492141708544
r-CD48,CD48,r,0.003518705361314464,0.009021961393228911,-0.005503256031914447,-1.3583961472727386,-0.23105519204674063,0.0,0.0,0.23105519204674063
r-CD137,CD137,r,0.0043405783661006475,0.005331002217487602,-0.0009904238513869547,-0.29651943115664026,-0.22629725535063638,0.0,0.0,0.22629725535063638
s-PDGF,PDGF,s,0.30322121009701364,0.3670933396618518,-0.06387212956483818,-0.27577626590917914,-0.22600487570704464,0.0,0.0,0.22600487570704464
s-CD45,CD45,s,0.038764422337337394,0.04900054831968783,-0.010236125982350436,-0.3380647191881982,-0.22462278106298128,0.0,0.0,0.22462278106298128
r-CXCL,CXCL,r,0.316298533269598,0.29264631519602413,0.023652218073573872,0.11212875213379163,0.2245077051633022,0.0,0.0,0.2245077051633022
r-CHAD,CHAD,r,0.002961711989180768,0.003887719317610129,-0.0009260073284293614,-0.39249259516922363,-0.22384229164131952,0.0,0.0,0.22384229164131952
r-SAA,SAA,r,0.002868530416643965,0.005755979905458043,-0.002887449488814078,-1.004749487459245,-0.22381712843919888,0.0,0.0,0.22381712843919888
r-TIGIT,TIGIT,r,0.04737790907456019,0.05590612191519115,-0.008528212840630961,-0.23879173756944588,-0.22370444597117112,0.0,0.0,0.22370444597117112
s-GRN,GRN,s,0.17551136421298924,0.20436650216725455,-0.02885513795426531,-0.2195942946633522,-0.22250400672315318,0.0,0.0,0.22250400672315318
s-COLLAGEN,COLLAGEN,s,27.863428989202315,30.236392125103553,-2.3729631359012373,-0.11791319127611745,-0.22239814608681419,0.0,0.0,0.22239814608681419
s-NCAM,NCAM,s,11.89181335971258,12.104923655945003,-0.21311029623242206,-0.025625254841936874,-0.22198352817175215,0.0,0.0,0.22198352817175215
r-EGF,EGF,r,1.4240886038809337,1.661485763913267,-0.23739716003233324,-0.2224350208808957,-0.2186686832400656,0.0,0.0,0.2186686832400656
r-EDN,EDN,r,0.15014946234949098,0.18218827680077496,-0.03203881445128398,-0.27903081894505055,-0.2170809373012913,0.0,0.0,0.2170809373012913
s-HSPG,HSPG,s,0.26569089587582306,0.3094622587086148,-0.04377136283279176,-0.2200146781910129,-0.21627512934342696,0.0,0.0,0.21627512934342696
r-NPNT,NPNT,r,0.07233393832374099,0.09026513739284361,-0.01793119906910262,-0.3194961837796198,-0.21588545036116047,0.0,0.0,0.21588545036116047
s-CDH1,CDH1,s,0.450198993850152,0.5557009457633056,-0.10550195191315365,-0.30374586252982094,-0.21579105411537014,0.0,0.0,0.21579105411537014
r-CD96,CD96,r,0.5778098536406886,0.6404702522186966,-0.06266039857800798,-0.1485367563254926,-0.21495545786012005,0.0,0.0,0.21495545786012005
r-NCAM,NCAM,r,11.89181335971258,12.104923655945003,-0.21311029623242206,-0.025625254841936874,-0.2097954600333266,0.0,0.0,0.2097954600333266
r-SCT,SCT,r,0.008917094481500616,0.0058699086391827285,0.0030471858423178873,0.6032355704125242,0.2084545362740422,0.0,0.0,0.2084545362740422
r-NECTIN,NECTIN,r,5.555965490152085,5.720761162222658,-0.16479567207057322,-0.04216947579791284,-0.20757385545046014,0.0,0.0,0.20757385545046014
s-NPNT,NPNT,s,0.07233393832374099,0.09026513739284363,-0.017931199069102635,-0.31949618377962,-0.20435410163181766,0.0,0.0,0.20435410163181766
s-CD30,CD30,s,0.008556904808317183,0.00982321706047628,-0.0012663122521590978,-0.19910651513861086,0.2022134996365137,0.0,0.0,0.2022134996365137
s-COMPLEMENT,COMPLEMENT,s,0.41763571361691904,0.46853676593577864,-0.05090105231885961,-0.16591717226848188,-0.2005086869482302,0.0,0.0,0.2005086869482302
s-HH,HH,s,0.16633229280763825,0.1558243920250448,0.010507900782593449,0.09414720536713296,0.20016733249073626,0.0,0.0,0.20016733249073626
s-CSF3,CSF3,s,0.02907853078813651,0.040421300085940526,-0.011342769297804017,-0.47516133251673187,-0.20010763365079975,0.0,0.0,0.20010763365079975
r-NGL,NGL,r,2.928701107085625,3.2582762908974763,-0.32957518381185125,-0.15384798034163832,-0.1990547011175111,0.0,0.0,0.1990547011175111
s-TIGIT,TIGIT,s,0.04737790907456019,0.05590612191519115,-0.008528212840630961,-0.23879173756944588,-0.19771892865918317,0.0,0.0,0.19771892865918317
r-GHRELIN,GHRELIN,r,0.006928734342562376,0.00367801991101445,0.003250714431547926,0.9136623684876581,0.19765156973499787,0.0,0.0,0.19765156973499787
s-ncWNT,ncWNT,s,4.760644064656789,5.120862169629641,-0.36021810497285145,-0.10522996070763298,-0.19644196991226626,0.0,0.0,0.19644196991226626
s-SPP1,SPP1,s,0.794103021981837,0.9927621052401897,-0.1986590832583527,-0.32212186120654,-0.19627271918348976,0.0,0.0,0.19627271918348976
r-LIFR,LIFR,r,0.33099648819529653,0.38558501733111394,-0.05458852913581741,-0.22023308285328566,-0.1937644331442525,0.0,0.0,0.1937644331442525
s-CD46,CD46,s,0.08794340088631607,0.10562707799225517,-0.0176836771059391,-0.2643324912949445,-0.19289205855793412,0.0,0.0,0.19289205855793412
r-ITGB2,ITGB2,r,0.07226446222106768,0.07026400659994174,0.0020004556211259406,0.04050049680502125,0.1924210074952004,0.0,0.0,0.1924210074952004
r-THPO,THPO,r,0.0083959550030684,0.011037618024859155,-0.0026416630217907557,-0.3946624836745141,-0.1918309760406003,0.0,0.0,0.1918309760406003
r-AGT,AGT,r,0.003767104243595831,0.004948664648923262,-0.0011815604053274308,-0.39358323223913255,-0.19017365605848557,0.0,0.0,0.19017365605848557
r-MHC-I,MHC-I,r,1.3027769804272764,1.4106948810923274,-0.10791790066505103,-0.11481584817531364,-0.1892574248703045,0.0,0.0,0.1892574248703045
s-GCG,GCG,s,0.004500225825926142,0.003040793955841158,0.0014594318700849838,0.5655491826214346,0.18918310808221706,0.0,0.0,0.18918310808221706
s-CD99,CD99,s,0.8506546963396547,1.066222448038782,-0.21556775169912734,-0.3258629343308358,-0.1881657525684881,0.0,0.0,0.1881657525684881
s-BRADYKININ,BRADYKININ,s,0.00245034927848823,0.0019908140173227474,0.00045953526116548253,0.29962882290942205,0.18756199197080892,0.0,0.0,0.18756199197080892
s-DMP1,DMP1,s,0.005271799019112504,0.006274112496546517,-0.0010023134774340128,-0.2511159831988443,-0.18731708711022255,0.0,0.0,0.18731708711022255
r-CD30,CD30,r,0.008556904808317183,0.00982321706047628,-0.0012663122521590978,-0.19910651513861086,-0.18587366583534137,0.0,0.0,0.18587366583534137
s-CHAD,CHAD,s,0.002961711989180768,0.003887719317610129,-0.0009260073284293614,-0.39249259516922363,-0.18128401523417403,0.0,0.0,0.18128401523417403
r-CD80,CD80,r,0.10465515667651436,0.12306129995946358,-0.01840614328294922,-0.23373373629712882,-0.18019349461049106,0.0,0.0,0.18019349461049106
s-BTLA,BTLA,s,0.03683730249157339,0.0426934802892857,-0.00585617779771231,-0.2128483475388292,-0.18000664333536498,0.0,0.0,0.18000664333536498
s-SCT,SCT,s,0.008917094481500616,0.0058699086391827285,0.0030471858423178873,0.6032355704125242,0.17694292581890414,0.0,0.0,0.17694292581890414
r-HGF,HGF,r,0.05329386544720116,0.07511997889240916,-0.021826113445208004,-0.4952271730185718,-0.1753652003071129,0.0,0.0,0.1753652003071129
r-FSH,FSH,r,0.003556382911969395,0.004460201219876064,-0.0009038183079066692,-0.3266980499439989,-0.1746290702550224,0.0,0.0,0.1746290702550224
r-IL12,IL12,r,0.0067422551375829675,0.007696061642047591,-0.0009538065044646235,-0.19088910576974163,-0.1744514222944611,0.0,0.0,0.1744514222944611
r-MADCAM,MADCAM,r,0.009033049546406014,0.011741882836472078,-0.002708833290066064,-0.37837870232148907,-0.17415876415248588,0.0,0.0,0.17415876415248588
r-LHB,LHB,r,0.00325374043806601,0.004097240932280601,-0.0008435004942145912,-0.33255347269582314,-0.17286103016147603,0.0,0.0,0.17286103016147603
r-OPIOID,OPIOID,r,1.1673261267400874,1.0850208174652218,0.08230530927486557,0.10548495355345888,0.17269496607921853,0.0,0.0,0.17269496607921853
s-TSH,TSH,s,0.03882278791317661,0.0438292582682524,-0.005006470355075794,-0.17499053627792657,-0.17258616236755386,0.0,0.0,0.17258616236755386
s-PROS,PROS,s,0.9711726567960494,1.0623027442008453,-0.09113008740479589,-0.1293952678517467,-0.17236800989623324,0.0,0.0,0.17236800989623324
r-IGF,IGF,r,0.3305375939554106,0.39296559728785224,-0.06242800333244164,-0.24958864747326268,-0.17216921352212777,0.0,0.0,0.17216921352212777
s-GALANIN,GALANIN,s,0.008000475602588751,0.006863816067381798,0.0011366595352069533,0.2210748434366417,0.16968269355621568,0.0,0.0,0.16968269355621568
r-IFN-I,IFN-I,r,0.018223551521706564,0.019429438741405257,-0.0012058872196986925,-0.09244007331794936,-0.1695564207347322,0.0,0.0,0.1695564207347322
s-DSPP,DSPP,s,0.008730317432310437,0.01024112640545297,-0.0015108089731425325,-0.23026836347744284,-0.16899998739863753,0.0,0.0,0.16899998739863753
r-CD46,CD46,r,0.08794340088631607,0.10562707799225517,-0.0176836771059391,-0.2643324912949445,-0.16769598995141066,0.0,0.0,0.16769598995141066
s-THPO,THPO,s,0.0083959550030684,0.011037618024859154,-0.002641663021790754,-0.3946624836745139,-0.16501172234622963,0.0,0.0,0.16501172234622963
r-APP,APP,r,0.04421229642955198,0.0573825358767809,-0.01317023944722892,-0.37616404708544754,-0.16485685334750322,0.0,0.0,0.16485685334750322
s-LT,LT,s,0.05352603443290479,0.04061632361605311,0.012909710816851681,0.3981811034408884,0.16428920654514578,0.0,0.0,0.16428920654514578
r-FN1,FN1,r,3.3305065991314637,3.4899269799733,-0.15942038084183618,-0.06745521060538752,-0.16373115644780878,0.0,0.0,0.16373115644780878
r-PSAP,PSAP,r,0.6915376041192159,0.790346339627388,-0.09880873550817204,-0.19267729483015367,-0.16354944866097842,0.0,0.0,0.16354944866097842
r-TRH,TRH,r,0.016753555050758286,0.019959348093626938,-0.0032057930428686515,-0.25259732340584334,-0.16223016689158087,0.0,0.0,0.16223016689158087
s-BAFF,BAFF,s,0.06755393132083275,0.07740632641143769,-0.00985239509060494,-0.19641174973902775,-0.16165064576376065,0.0,0.0,0.16165064576376065
s-PERIOSTIN,PERIOSTIN,s,0.16850789044086578,0.21829788037919673,-0.04978998993833095,-0.3734819725278793,-0.16145000835908763,0.0,0.0,0.16145000835908763
r-ENHO,ENHO,r,0.586982081545111,0.6088636419545026,-0.0218815604093916,-0.05280270176773902,-0.1604754487636092,0.0,0.0,0.1604754487636092
r-CD45,CD45,r,0.038764422337337394,0.04900054831968784,-0.010236125982350443,-0.33806471918819836,-0.15996456599809195,0.0,0.0,0.15996456599809195
s-IGF,IGF,s,0.3305375939554106,0.39296559728785224,-0.06242800333244164,-0.24958864747326268,-0.15982631498871225,0.0,0.0,0.15982631498871225
r-PERIOSTIN,PERIOSTIN,r,0.16850789044086578,0.21829788037919673,-0.04978998993833095,-0.3734819725278793,-0.15907952938626246,0.0,0.0,0.15907952938626246
s-TRAIL,TRAIL,s,0.01572245702075333,0.021283317883648876,-0.0055608608628955475,-0.43689635615967437,-0.15858014042366442,0.0,0.0,0.15858014042366442
s-CD96,CD96,s,0.5778098536406886,0.6404702522186966,-0.06266039857800798,-0.1485367563254926,-0.1583551174064164,0.0,0.0,0.1583551174064164
s-NECTIN,NECTIN,s,5.555965490152085,5.720761162222659,-0.1647956720705741,-0.04216947579791317,-0.15823515721495696,0.0,0.0,0.15823515721495696
s-TRH,TRH,s,0.016753555050758286,0.019959348093626938,-0.0032057930428686515,-0.25259732340584334,-0.15536629757236087,0.0,0.0,0.15536629757236087
r-ANNEXIN,ANNEXIN,r,0.01385173967533944,0.014071130896936917,-0.00021939122159747582,-0.022671101619758504,0.15509578648582267,0.0,0.0,0.15509578648582267
r-IL16,IL16,r,0.10444331646655065,0.13191323671886457,-0.027469920252313915,-0.33686916049145765,-0.15426768119369072,0.0,0.0,0.15426768119369072
r-GALANIN,GALANIN,r,0.008000475602588751,0.006863816067381798,0.0011366595352069533,0.2210748434366417,0.152729779112454,0.0,0.0,0.152729779112454
s-OPIOID,OPIOID,s,1.1673261267400874,1.0850208174652218,0.08230530927486557,0.10548495355345888,0.15216411948338027,0.0,0.0,0.15216411948338027
s-CD22,CD22,s,0.00642357981204922,0.007564190244404522,-0.001140610432355302,-0.23580809020614074,-0.15080218058535566,0.0,0.0,0.15080218058535566
r-LCK,LCK,r,0.009257851175186712,0.010474236978840328,-0.0012163858036536163,-0.17809585719154777,-0.1503432841847413,0.0,0.0,0.1503432841847413
r-SELE,SELE,r,0.023863039027391453,0.025839289880648722,-0.0019762508532572692,-0.1147886314440518,-0.15007251114427822,0.0,0.0,0.15007251114427822
r-AMH,AMH,r,0.0059396684300157595,0.00847260112078444,-0.00253293269076868,-0.5124224800736379,-0.14915592425024127,0.0,0.0,0.14915592425024127
r-IL10,IL10,r,0.013490884337464714,0.011537265022392974,0.0019536193150717397,0.22568363797260954,0.149086655360245,0.0,0.0,0.149086655360245
r-PECAM1,PECAM1,r,0.05572279227972608,0.07421341685383732,-0.018490624574111242,-0.41341247164798556,-0.1483059265035045,0.0,0.0,0.1483059265035045
s-PECAM1,PECAM1,s,0.05572279227972608,0.07421341685383732,-0.018490624574111242,-0.41341247164798556,-0.1482780743673222,0.0,0.0,0.1482780743673222
s-SEMA7,SEMA7,s,1.086112851095528,0.9926781199877529,0.09343473110777512,0.12977611327301114,0.14732068516227437,0.0,0.0,0.14732068516227437
r-PTN,PTN,r,6.624916947297905,6.765154608117135,-0.1402376608192304,-0.030220536890986405,-0.14730925569891562,0.0,0.0,0.14730925569891562
r-RELN,RELN,r,0.22848537078672168,0.20734647140143514,0.02113889938528654,0.1400583004513445,0.14478366047962443,0.0,0.0,0.14478366047962443
r-MK,MK,r,3.4482134498828065,3.598975939741908,-0.15076248985910157,-0.0617373751155617,-0.14452159074342696,0.0,0.0,0.14452159074342696
r-AGRN,AGRN,r,0.8149107074115503,0.8339291703568573,-0.01901846294530707,-0.033282866844462175,-0.1410017682441419,1.4777982019303867e-302,2.5667021401948823e-302,0.1410017682441419
r-EPGN,EPGN,r,0.015460547970946214,0.01765893754600418,-0.002198389575057965,-0.19180708003974886,-0.13958886781849977,1.4432819969744944e-296,2.4958064227157195e-296,0.13958886781849977
r-NRXN,NRXN,r,14.641937961045087,14.47047289525847,0.17146506578661835,0.016994446920982603,0.13877106053259802,3.96986121206889e-293,6.835065391214262e-293,0.13877106053259802
r-CD226,CD226,r,1.4540201115289981,1.4012200450958563,0.052800066433141835,0.05336369242752047,0.13801014412438395,6.036880699802959e-290,1.0348938342519358e-289,0.13801014412438395
s-ALCAM,ALCAM,s,0.035269098379221195,0.03812646718148218,-0.002857368802260986,-0.11238815819336691,-0.13766281252171753,1.688471229383593e-288,2.8696764241884236e-288,0.13766281252171753
r-CD6,CD6,r,0.03526909837927639,0.03812646718148219,-0.002857368802205801,-0.11238815819110957,-0.13766281252171753,1.688471229383593e-288,2.8696764241884236e-288,0.13766281252171753
r-CD86,CD86,r,0.011170538710383784,0.015086873345912504,-0.00391633463552872,-0.4335950514630885,-0.13689303196033664,2.6348524459732224e-285,4.458981062416223e-285,0.13689303196033664
s-ACTIVIN,ACTIVIN,s,3.5938028725967306,3.821174764094674,-0.22737189149794323,-0.088504965586713,-0.13551665434579396,1.2183959295258855e-279,2.0531267578393644e-279,0.13551665434579396
s-APJ,APJ,s,0.0013878071089444297,0.0017849591724758008,-0.00039715206353137114,-0.3630837825145963,-0.13359847145380999,7.682478545195417e-272,1.2890938575836376e-271,0.13359847145380999
r-CD22,CD22,r,0.00642357981204922,0.007564190244404522,-0.001140610432355302,-0.23580809020614074,-0.1325072642351025,1.8751157270708573e-267,3.133104759156369e-267,0.1325072642351025
r-CCK,CCK,r,0.03354024739272057,0.036393422827229974,-0.002853175434509407,-0.11778441042642565,-0.13088290357157084,5.466593539371796e-261,9.095676645341308e-261,0.13088290357157084
s-IL10,IL10,s,0.013490884337464714,0.011537265022392974,0.0019536193150717397,0.22568363797260954,0.12939666523829785,3.827914812914683e-255,6.342486468260312e-255,0.12939666523829785
r-PDGF,PDGF,r,0.3032212100970136,0.3670933396618518,-0.06387212956483823,-0.2757762659091793,-0.12861118858155896,4.418313412105691e-252,7.290217129974391e-252,0.12861118858155896
s-NPY,NPY,s,1.1186289846435746,1.4493121698495341,-0.3306831852059595,-0.3736367552504526,-0.12339965109023987,3.102793688311951e-232,5.0983663924129984e-232,0.12339965109023987
r-DSPP,DSPP,r,0.008730317432310437,0.01024112640545297,-0.0015108089731425325,-0.23026836347744284,-0.12275710384806726,7.619976642867467e-230,1.2469052688328582e-229,0.12275710384806726
s-GP1BA,GP1BA,s,0.018487440516072012,0.022421502227637814,-0.003934061711565802,-0.27833742200523404,-0.12258767756420419,3.2368654190666684e-229,5.274891794034571e-229,0.12258767756420419
s-CXCL,CXCL,s,0.316298533269598,0.29264631519602413,0.023652218073573872,0.11212875213379163,0.12168920041818132,6.71241617408253e-226,1.0893921331707711e-225,0.12168920041818132
s-FSH,FSH,s,0.003556382911969395,0.004460201219876065,-0.00090381830790667,-0.32669804994399915,-0.12119738881753994,4.2864957619862893e-224,6.92837682345539e-224,0.12119738881753994
r-SEMA5,SEMA5,r,0.8164527865497744,0.9296089949342478,-0.11315620838447338,-0.18725456746607322,-0.12101683087056969,1.96345033529825e-223,3.1606761495045e-223,0.12101683087056969
s-NOTCH,NOTCH,s,2.969953036025062,3.0998717927391706,-0.12991875671410869,-0.061768430628033555,-0.12069331042011633,2.9838723335278574e-222,4.783860097477861e-222,0.12069331042011633
r-SELL,SELL,r,0.138929025976861,0.15122920368432766,-0.012300177707466664,-0.1223887144094182,-0.1197219126544693,1.0095881877563147e-218,1.612084364320567e-218,0.1197219126544693
r-BAFF,BAFF,r,0.06755393132083275,0.07740632641143769,-0.00985239509060494,-0.19641174973902775,-0.11962385824509492,2.2846630580598867e-218,3.633440044143434e-218,0.11962385824509492
r-DMP1,DMP1,r,0.005271799019112506,0.006274112496546515,-0.0010023134774340093,-0.2511159831988436,-0.1193382264426972,2.4566508973636594e-217,3.891335021424036e-217,0.1193382264426972
r-WNT,WNT,r,29.87429712781946,31.171898092267377,-1.2976009644479163,-0.06134123471470126,-0.1183858033325852,6.487965713009099e-214,1.023599371454822e-213,0.1183858033325852
s-ITGB2,ITGB2,s,0.07226446222106768,0.07026400659994173,0.0020004556211259544,0.04050049680502156,0.1182854382138514,1.4828461816664544e-213,2.3301868569044282e-213,0.1182854382138514
r-VIP,VIP,r,0.02149250698959151,0.02488205367722326,-0.0033895466876317504,-0.21127178073140765,-0.11463987783057183,1.0107356326294155e-200,1.5820209902025632e-200,0.11463987783057183
s-FN1,FN1,s,3.3305065991314646,3.4899269799733,-0.1594203808418353,-0.06745521060538719,-0.1146083744243298,1.299548915748979e-200,2.0260683883330536e-200,0.1146083744243298
s-VEGI,VEGI,s,0.005845428505832368,0.007139195299218531,-0.0012937667933861632,-0.2884526369843162,-0.11387650043416797,4.377353253974461e-198,6.797772112054457e-198,0.11387650043416797
s-MHC-I,MHC-I,s,1.3027769804272764,1.4106948810923274,-0.10791790066505103,-0.11481584817531364,-0.1138098276454389,7.424262428395946e-198,1.148440594392498e-197,0.1138098276454389
s-ENHO,ENHO,s,0.586982081545111,0.6088636419545026,-0.0218815604093916,-0.05280270176773902,-0.11289677115500141,9.98327481405368e-195,1.5382789207646916e-194,0.11289677115500141
r-EPHA,EPHA,r,21.353479034469263,21.8476598540084,-0.4941808195391353,-0.0330076167226931,-0.11090970632952102,5.2615613670900464e-188,8.075884889021932e-188,0.11090970632952102
r-IL4,IL4,r,0.13426295789803241,0.17627181860963412,-0.0420088607116017,-0.3927405088463503,-0.11090873847870342,5.3010227622098063e-188,8.10503866345592e-188,0.11090873847870342
r-CALCR,CALCR,r,0.10655329886141728,0.10351801309503357,0.003035285766383705,0.04169342696890326,0.11059201412411435,6.092027691175194e-187,9.278626791174527e-187,0.11059201412411435
s-SN,SN,s,0.018804382099609274,0.02017347601079153,-0.0013690939111822564,-0.10139078407437718,-0.1089231957433976,2.0991650765297218e-181,3.184940116114061e-181,0.1089231957433976
s-SEMA5,SEMA5,s,0.8164527865497746,0.9296089949342478,-0.11315620838447316,-0.18725456746607266,-0.10825488786032811,3.280933400601913e-179,4.958968040604418e-179,0.10825488786032811
s-PVR,PVR,s,0.7369066802808186,0.7217100243337774,0.015196655947041227,0.03006263864130642,0.10824105117826921,3.6414869896670584e-179,5.482999421704012e-179,0.10824105117826921
r-SEMA7,SEMA7,r,1.086112851095528,0.992678119987753,0.093434731107775,0.12977611327301114,0.10768632192139171,2.3545429590884537e-177,3.5318144386326806e-177,0.10768632192139171
s-IL12,IL12,s,0.0067422551375829675,0.007696061642047591,-0.0009538065044646235,-0.19088910576974163,-0.10645239577039445,2.3235001008779655e-173,3.472098263953488e-173,0.10645239577039445
s-WNT,WNT,s,29.87429712781946,31.171898092267373,-1.2976009644479127,-0.06134123471470109,-0.1059837978831899,7.429692795687574e-172,1.106074566576045e-171,0.1059837978831899
r-RLN,RLN,r,0.01816792132462646,0.016270444443575685,0.0018974768810507761,0.15913969416698737,0.10475044619255436,6.310072502586917e-168,9.358759217319923e-168,0.10475044619255436
s-EPGN,EPGN,s,0.015460547970946214,0.01765893754600418,-0.002198389575057965,-0.19180708003974886,-0.10452674581284349,3.219271001118955e-167,4.756833270310097e-167,0.10452674581284349
r-THY1,THY1,r,0.28209331015534045,0.28325926559155357,-0.0011659554362131175,-0.005950695466104683,0.10408801434963388,7.78744008157258e-166,1.1464038186999038e-165,0.10408801434963388
s-LHB,LHB,s,0.00325374043806601,0.004097240932280601,-0.0008435004942145912,-0.33255347269582314,-0.1032066120038373,4.5034888013999566e-163,6.605116908719937e-163,0.1032066120038373
s-PTN,PTN,s,6.624916947297905,6.765154608117135,-0.1402376608192304,-0.030220536890986405,-0.10206911522874285,1.5262718447288368e-159,2.2302717731092962e-159,0.10206911522874285
s-FLT3,FLT3,s,0.06569479892243413,0.06326456937454786,0.00243022954788627,0.05438139526859792,0.10050924808111161,9.142261334291245e-155,1.3310056942571078e-154,0.10050924808111161
s-AGT,AGT,s,0.0037671042435958304,0.004948664648923261,-0.0011815604053274304,-0.3935832322391324,-0.10007757512725979,1.8628672735196765e-153,2.7021811000505193e-153,0.10007757512725979
s-IL17,IL17,s,0.08766835086322652,0.09191630293897884,-0.00424795207575232,-0.06826466069351753,-0.09910962228551046,1.5319828681081097e-150,2.2141066269007716e-150,0.09910962228551046
s-CD226,CD226,s,1.4540201115289981,1.401220045095856,0.05280006643314206,0.05336369242752047,0.09672012270032138,1.8217546811758734e-143,2.6233267408932577e-143,0.09672012270032138
s-MK,MK,s,3.448213449882806,3.598975939741909,-0.1507624898591029,-0.06173737511556221,-0.09608205900638078,1.3202494743204697e-141,1.894270984894587e-141,0.09608205900638078
r-TAC,TAC,r,0.3196820769316476,0.3055156114326268,0.014166465499020786,0.0653917593767622,0.09529248759618292,2.544046970704644e-139,3.636976896747434e-139,0.09529248759618292
r-COMPLEMENT,COMPLEMENT,r,0.41763571361691904,0.46853676593577853,-0.0509010523188595,-0.16591717226848168,-0.09496596156911652,2.2127672162126263e-138,3.151999343957554e-138,0.09496596156911652
r-HH,HH,r,0.16633229280763825,0.1558243920250448,0.010507900782593449,0.09414720536713296,0.09407705355401674,7.691754867451271e-136,1.0917329489285674e-135,0.09407705355401674
s-EPHA,EPHA,s,21.353479034469267,21.8476598540084,-0.49418081953913173,-0.03300761672269277,-0.09288925151482208,1.7553814703256258e-132,2.482610936603385e-132,0.09288925151482208
s-CALCR,CALCR,s,0.10655329886141726,0.10351801309503356,0.003035285766383705,0.04169342696890326,0.09200996869797651,5.046923916715595e-130,7.112391000068952e-130,0.09200996869797651
s-EDA,EDA,s,0.0293528111468568,0.030674900277333345,-0.0013220891304765447,-0.06355997340447898,-0.09151168269927323,1.2189637052054566e-128,1.7117362668842583e-128,0.09151168269927323
r-VISFATIN,VISFATIN,r,1.3756112746854812,1.3858651116285576,-0.010253836943076466,-0.010713999046773937,-0.09116358361756327,1.1160383127444887e-127,1.5616649181866342e-127,0.09116358361756327
r-APELIN,APELIN,r,0.009494801048281275,0.013230726798962297,-0.003735925750681022,-0.47868259603093744,-0.09092299548191984,5.1311400161102346e-127,7.154688191477651e-127,0.09092299548191984
s-GIPR,GIPR,s,0.01627600634806156,0.014188222833247005,0.0020877835148145566,0.19805284134722917,0.09036438608997455,1.744983121542167e-125,2.4246081267743794e-125,0.09036438608997455
s-MHC-II,MHC-II,s,0.13791327149299162,0.14819871005987534,-0.010285438566883714,-0.103771594463773,-0.0887655856955657,3.744096494251794e-121,5.184133607425561e-121,0.0887655856955657
r-CRH,CRH,r,0.06479163615284757,0.07025366698353072,-0.005462030830683154,-0.11676593898508839,-0.08832671176618634,5.609065871483635e-120,7.739338275635957e-120,0.08832671176618634
s-IL1,IL1,s,0.04112361096907268,0.05750501090466467,-0.01638139993559199,-0.483720716124504,0.08747802241036973,1.0131541402370411e-117,1.3930869428259316e-117,0.08747802241036973
s-AGRN,AGRN,s,0.8149107074115503,0.8339291703568573,-0.01901846294530707,-0.033282866844462175,-0.08739195538025746,1.7113055012083125e-117,2.3449030397179644e-117,0.08739195538025746
s-CD34,CD34,s,0.02066893308667085,0.022590307511119456,-0.0019213744244486047,-0.1282399836961364,0.08568815649962058,4.9432771949267963e-113,6.750130238589694e-113,0.08568815649962058
s-RLN,RLN,s,0.01816792132462646,0.01627044444357568,0.0018974768810507796,0.15913969416698764,0.08566392162544445,5.712587003773236e-113,7.773829737093476e-113,0.08566392162544445
s-SELE,SELE,s,0.023863039027391456,0.025839289880648722,-0.0019762508532572658,-0.11478863144405163,-0.08453925507785509,4.4931225373175414e-110,6.093412756088173e-110,0.08453925507785509
r-MELANOCORTIN,MELANOCORTIN,r,0.08762782240846391,0.09117736563234104,-0.0035495432238771274,-0.05728671799108362,-0.08352873150631712,1.666730741183232e-107,2.2526463259677813e-107,0.08352873150631712
r-GP1BA,GP1BA,r,0.018487440516072016,0.022421502227637814,-0.0039340617115657985,-0.27833742200523387,0.08005680153761263,6.531089108325628e-99,8.796977166316153e-99,0.08005680153761263
r-EDA,EDA,r,0.0293528111468568,0.030674900277333345,-0.0013220891304765447,-0.06355997340447898,-0.07931219750583285,4.079457078515456e-97,5.476152552854646e-97,0.07931219750583285
s-CSF,CSF,s,0.11472015832618397,0.12758640661980125,-0.01286624829361728,-0.15335570739550416,0.07917197173151336,8.848885280136279e-97,1.183837355045259e-96,0.07917197173151336
r-CNTN,CNTN,r,5.570703830431225,5.4853262010659725,0.08537762936525262,0.022282199058686756,0.07790795304892262,8.943181776311029e-94,1.1924242368414706e-93,0.07790795304892262
s-ANXA1,ANXA1,s,0.006304516376407558,0.006116731868778824,0.00018778450762873405,0.043624661773342586,0.07688439703983252,2.2348172084179765e-91,2.969757095750063e-91,0.07688439703983252
s-PMCH,PMCH,s,0.0034251209439861846,0.0032312888246656224,0.00019383211932056223,0.08404519667823145,0.07622491286792044,7.540697314875817e-90,9.98701049060476e-90,0.07622491286792044
r-PMCH,PMCH,r,0.0034251209439861846,0.0032312888246656224,0.00019383211932056223,0.08404519667823145,0.07610546831208165,1.421639564544377e-89,1.8765642251985775e-89,0.07610546831208165
r-PROK,PROK,r,0.04319960610056335,0.04389740190392897,-0.0006977958033656181,-0.023117397145081438,-0.07606031572764294,1.8062435689990076e-89,2.3763204429355713e-89,0.07606031572764294
s-CD70,CD70,s,0.010526964438141193,0.011763608063095086,-0.0012366436249538933,-0.16024112846914684,0.07535867535653917,7.324350964204651e-88,9.604115833857754e-88,0.07535867535653917
s-CNTN,CNTN,s,5.570703830431225,5.485326201065972,0.0853776293652535,0.02228219905868707,0.0743597273910761,1.3444254871930786e-85,1.7570709337572906e-85,0.0743597273910761
s-TAC,TAC,s,0.3196820769316476,0.3055156114326268,0.014166465499020786,0.0653917593767622,0.07317600264174562,5.917378714359314e-83,7.708164377915423e-83,0.07317600264174562
r-GNRH,GNRH,r,0.06553175710373822,0.0622742671171061,0.0032574899866321255,0.07355807607349726,0.07307680206905731,9.811964169161545e-83,1.2739468232747448e-82,0.07307680206905731
r-OSTN,OSTN,r,0.245832179397709,0.23661901800281976,0.00921316139488923,0.05510774299834552,0.07264426099070653,8.82924414541025e-82,1.1426080658766207e-81,0.07264426099070653
s-GALECTIN,GALECTIN,s,0.10028096631580326,0.10508209615392171,-0.004801129838118451,-0.06746908048685682,-0.07241885837005158,2.76006492318768e-81,3.5602140377274312e-81,0.07241885837005158
r-PVR,PVR,r,0.7369066802808186,0.7217100243337774,0.015196655947041227,0.03006263864130642,0.0714077653934031,4.3904370769141096e-79,5.644847670318141e-79,0.0714077653934031
r-GDNF,GDNF,r,0.14932998387504406,0.1534058641072617,-0.004075880232217638,-0.038849759834261664,-0.07029828436080199,1.0541631696434711e-76,1.3509663921644484e-76,0.07029828436080199
r-ANXA1,ANXA1,r,0.006304516376407558,0.006116731868778824,0.00018778450762873405,0.043624661773342586,0.07016961259284771,1.9795918418131796e-76,2.5287689334129647e-76,0.07016961259284771
r-CHEMERIN,CHEMERIN,r,0.04299632954464776,0.0457106496153402,-0.002714320070692444,-0.08831681296982902,0.06992791735719472,6.44587440704007e-76,8.207608569735909e-76,0.06992791735719472
s-GNRH,GNRH,s,0.06553175710373822,0.062274267117106104,0.0032574899866321186,0.07355807607349696,0.06961371051769549,2.972876584324318e-75,3.773266433950096e-75,0.06961371051769549
r-IL6,IL6,r,0.04835036000583861,0.05023728929399893,-0.0018869292881603175,-0.05523198847964787,-0.06827425645780072,1.8620800235719533e-72,2.3558584323785737e-72,0.06827425645780072
r-MSTN,MSTN,r,0.11337623933799004,0.11033213644099049,0.003044102896999551,0.039265254953927096,-0.06813196400488364,3.6638334965067834e-72,4.620630779034032e-72,0.06813196400488364
s-EPO,EPO,s,0.007244436867072144,0.008030942306433577,-0.0007865054393614334,-0.14869570713798896,-0.06680508465252488,1.8861042646717627e-69,2.371102504158787e-69,0.06680508465252488
s-ANNEXIN,ANNEXIN,s,0.01385173967533944,0.014071130896936913,-0.00021939122159747235,-0.022671101619758015,0.06673131750811145,2.6592690386563907e-69,3.332501706670667e-69,0.06673131750811145
s-CD86,CD86,s,0.011170538710383784,0.015086873345912508,-0.003916334635528724,-0.43359505146308897,-0.06663691390922855,4.1253221320213295e-69,5.153399256405194e-69,0.06663691390922855
s-VISFATIN,VISFATIN,s,1.3756112746854812,1.3858651116285579,-0.010253836943076688,-0.010713999046774099,-0.0661556595113324,3.83198792190064e-68,4.7719094876498535e-68,0.0661556595113324
r-NOTCH,NOTCH,r,2.969953036025062,3.0998717927391706,-0.12991875671410869,-0.061768430628033555,-0.06611137551096069,4.700500253284937e-68,5.835103762698543e-68,0.06611137551096069
s-NRXN,NRXN,s,14.64193796104509,14.47047289525847,0.17146506578662013,0.01699444692098292,0.06470709842470201,2.850401123055266e-65,3.527371389780892e-65,0.06470709842470201
s-VIP,VIP,s,0.02149250698959151,0.02488205367722326,-0.0033895466876317504,-0.21127178073140765,-0.06403595362658154,5.806433909338654e-64,7.163077346100023e-64,0.06403595362658154
s-PACAP,PACAP,s,0.3976784287349307,0.3641188918010157,0.033559536933915,0.12719271290059125,0.06320521454858286,2.319606646924796e-62,2.8526839508764575e-62,0.06320521454858286
s-IFN-I,IFN-I,s,0.018223551521706564,0.019429438741405257,-0.0012058872196986925,-0.09244007331794936,-0.06303655482462645,4.875530578160314e-62,5.977430677868372e-62,0.06303655482462645
s-MSTN,MSTN,s,0.11337623933799003,0.11033213644099046,0.003044102896999565,0.03926525495392741,-0.06214885639326451,2.354395665310399e-60,2.877594702046043e-60,0.06214885639326451
r-PACAP,PACAP,r,0.3976784287349307,0.36411889180101575,0.033559536933914946,0.12719271290059125,0.06199159580115987,4.652773684452288e-60,5.669225781671096e-60,0.06199159580115987
s-SELL,SELL,s,0.138929025976861,0.15122920368432766,-0.012300177707466664,-0.1223887144094182,-0.06187696108703855,7.636413281041196e-60,9.27613392420955e-60,0.06187696108703855
r-MIF,MIF,r,0.37633677804472176,0.3856293854894091,-0.00929260744468735,-0.03519070529821204,-0.06040431586463102,4.0925133279030877e-57,4.956071186084473e-57,0.06040431586463102
r-ICAM,ICAM,r,0.12787612480325677,0.14702141907982894,-0.01914529427657216,-0.20127942049890715,-0.059182656510415765,6.705972079310379e-55,8.096234583557653e-55,0.059182656510415765
r-APRIL,APRIL,r,0.04469622724525949,0.04656096467007845,-0.001864737424818956,-0.058967887243103284,-0.058932746951157355,1.8790414926256387e-54,2.2617034379323797e-54,0.058932746951157355
r-SN,SN,r,0.018804382099609274,0.02017347601079153,-0.0013690939111822564,-0.10139078407437718,-0.05827858366090055,2.731199386134276e-53,3.277439263361131e-53,0.05827858366090055
s-CCK,CCK,s,0.03354024739272057,0.036393422827229974,-0.002853175434509407,-0.11778441042642565,-0.05800013766827683,8.457349205005051e-53,1.0118157961274926e-52,0.05800013766827683
r-IL17,IL17,r,0.08766835086322652,0.09191630293897886,-0.004247952075752334,-0.06826466069351769,-0.05772673313978827,2.552460175416638e-52,3.0445006911596045e-52,0.05772673313978827
s-LCK,LCK,s,0.009257851175186712,0.010474236978840328,-0.0012163858036536163,-0.17809585719154777,-0.056964828659752054,5.394651118852779e-51,6.415260789987089e-51,0.056964828659752054
s-CLEC,CLEC,s,0.5336934759213644,0.5647979111527004,-0.031104435231335992,-0.08172337744677216,-0.056803208602853705,1.0251513414985953e-50,1.2154488959085142e-50,0.056803208602853705
r-QRFP,QRFP,r,0.008817044885640613,0.008947972376225825,-0.0001309274905852125,-0.021265596014124973,-0.05487166330328552,1.9155478157867653e-47,2.2643490598554003e-47,0.05487166330328552
r-FLT3,FLT3,r,0.06569479892243413,0.06326456937454786,0.00243022954788627,0.05438139526859792,0.05420852372519924,2.3966800385576292e-46,2.8246586168714913e-46,0.05420852372519924
s-NPFF,NPFF,s,0.08393797085501341,0.08674343652005341,-0.0028054656650400023,-0.04743101166942421,-0.054003282365402416,5.2065621504721255e-46,6.118096770287719e-46,0.054003282365402416
r-DESMOSOME,DESMOSOME,r,0.06404317444601512,0.06050395156687404,0.003539222879141081,0.08201544961890297,-0.05185104410100949,1.4914698698253077e-42,1.7474025693811297e-42,0.05185104410100949
r-CD34,CD34,r,0.020668933086670855,0.022590307511119456,-0.0019213744244486013,-0.12823998369613607,-0.05168711793043457,2.6991064305280066e-42,3.152938485218556e-42,0.05168711793043457
s-CRH,CRH,s,0.06479163615284757,0.07025366698353072,-0.005462030830683154,-0.11676593898508839,-0.05080821655526935,6.289628054391428e-41,7.32556679276178e-41,0.05080821655526935
s-NMU,NMU,s,0.025338785420371997,0.026137266445349434,-0.000798481024977437,-0.04476089110473601,0.049051418421219406,2.899651242074961e-38,3.3673369262805996e-38,0.049051418421219406
r-GALECTIN,GALECTIN,r,0.10028096631580326,0.10508209615392171,-0.004801129838118451,-0.06746908048685682,-0.04685644949727319,4.573427783058726e-35,5.295547959331156e-35,0.04685644949727319
s-PTH,PTH,s,0.10260363590393728,0.10283440804470505,-0.00023077214076776265,-0.003241210376202216,0.04339297282768473,2.5838989358945816e-30,2.9831602875051144e-30,0.04339297282768473
s-CHEMERIN,CHEMERIN,s,0.042996329544647764,0.0457106496153402,-0.0027143200706924372,-0.08831681296982868,-0.04304111355823059,7.497472855029188e-30,8.63081177497546e-30,0.04304111355823059
r-CD70,CD70,r,0.010526964438141191,0.011763608063095086,-0.001236643624953895,-0.160241128469147,0.04274121399871844,1.846317392324695e-29,2.119251267711824e-29,0.04274121399871844
r-CDH,CDH,r,5.016059384600078,5.0498665669687215,-0.03380718236864322,-0.009690839762713408,-0.041447823387612215,8.383082168966167e-28,9.594510228065324e-28,0.041447823387612215
s-CDH,CDH,s,5.016059384600078,5.0498665669687215,-0.03380718236864322,-0.009690839762713408,-0.04136574357197931,1.0638333108251923e-27,1.2140576112010842e-27,0.04136574357197931
r-KIT,KIT,r,0.5752500177813245,0.5707050682128072,0.004544949568517254,0.011443747931424627,-0.03917839750725016,5.127659585332185e-25,5.834922976412487e-25,0.03917839750725016
r-PTH,PTH,r,0.10260363590393728,0.10283440804470503,-0.00023077214076774877,-0.0032412103762020556,-0.039172372107407094,5.213294440382176e-25,5.9153713420955345e-25,0.039172372107407094
r-BTLA,BTLA,r,0.03683730249157339,0.0426934802892857,-0.00585617779771231,-0.2128483475388292,0.03896959219536855,9.089825469083243e-25,1.0284488245019898e-24,0.03896959219536855
s-QRFP,QRFP,s,0.00881704488564061,0.008947972376225825,-0.00013092749058521425,-0.0212655960141253,0.03819769761985636,7.351382243710236e-24,8.29386714675001e-24,0.03819769761985636
s-GDNF,GDNF,s,0.14932998387504406,0.1534058641072617,-0.004075880232217638,-0.038849759834261664,-0.037869658693980957,1.7651169208649323e-23,1.9857565359730487e-23,0.037869658693980957
r-NMU,NMU,r,0.025338785420371997,0.026137266445349434,-0.000798481024977437,-0.04476089110473601,0.03702437198177955,1.6299131927515842e-22,1.828457859290729e-22,0.03702437198177955
r-ALCAM,ALCAM,r,0.035269098379221195,0.03812646718148218,-0.002857368802260986,-0.11238815819336691,-0.036726977069444944,3.5215595317156817e-22,3.928274857913831e-22,0.036726977069444944
s-CD6,CD6,s,0.03526909837927639,0.03812646718148219,-0.002857368802205801,-0.11238815819110957,-0.036726977069444944,3.5215595317156817e-22,3.928274857913831e-22,0.036726977069444944
r-ESAM,ESAM,r,0.037751350611598455,0.04064038229516897,-0.002889031683570513,-0.1063857106177147,-0.03516806812169726,1.8083110659254208e-20,2.0114920845687265e-20,0.03516806812169726
s-ESAM,ESAM,s,0.037751350611598455,0.04064038229516897,-0.002889031683570513,-0.1063857106177147,-0.035162572604091946,1.8330519119395902e-20,2.033301280470806e-20,0.035162572604091946
s-ICAM,ICAM,s,0.12787612480325677,0.14702141907982894,-0.01914529427657216,-0.20127942049890715,0.035118374083422,2.044592015237239e-20,2.2616157486981748e-20,0.035118374083422
s-THY1,THY1,s,0.28209331015534045,0.28325926559155357,-0.0011659554362131175,-0.005950695466104683,0.035096708195984094,2.1569308524829864e-20,2.3792329180592275e-20,0.035096708195984094
s-NRG,NRG,s,4.5755707543808635,4.604695264168049,-0.029124509787185282,-0.009153967153560075,0.033359830509008814,1.4140819794712302e-18,1.5554901774183534e-18,0.033359830509008814
s-CLDN,CLDN,s,0.0483569968336275,0.04932125541122831,-0.00096425857760081,-0.0284848714995818,0.03182001386627831,4.849988765345116e-17,5.3202092827608473e-17,0.03182001386627831
r-CLDN,CLDN,r,0.0483569968336275,0.04932125541122831,-0.00096425857760081,-0.0284848714995818,0.031812248540891375,4.935191250445682e-17,5.3987175004875413e-17,0.031812248540891375
s-RELN,RELN,s,0.22848537078672163,0.20734647140143514,0.021138899385286486,0.14005830045134418,0.03074771696354528,5.165725590451641e-16,5.635337007765427e-16,0.03074771696354528
s-VTN,VTN,s,0.5950179379260538,0.6116830932193926,-0.016665155293338785,-0.03985123898987137,-0.029642129853060695,5.452230802583344e-15,5.931547796217044e-15,0.029642129853060695
r-APJ,APJ,r,0.0013878071089444297,0.0017849591724758008,-0.00039715206353137114,-0.3630837825145963,-0.029588158153147304,6.103864037013504e-15,6.622274407280405e-15,0.029588158153147304
s-MELANOCORTIN,MELANOCORTIN,s,0.0876278224084639,0.09117736563234104,-0.0035495432238771413,-0.057286717991083785,-0.028647668193239162,4.227550131145299e-14,4.5740706336981924e-14,0.028647668193239162
r-MHC-II,MHC-II,r,0.13791327149299162,0.14819871005987534,-0.010285438566883714,-0.103771594463773,0.027883789407831427,1.9471392723264136e-13,2.1010004137364026e-13,0.027883789407831427
r-GIPR,GIPR,r,0.01627600634806156,0.014188222833247005,0.0020877835148145566,0.19805284134722917,0.026798337822381058,1.5927390095748583e-12,1.7139256733468584e-12,0.026798337822381058
s-MIF,MIF,s,0.3763367780447218,0.3856293854894091,-0.009292607444687295,-0.035190705298211875,-0.026666179769382903,2.0459194809795206e-12,2.1956209064170463e-12,0.026666179769382903
s-KIT,KIT,s,0.5752500177813245,0.5707050682128072,0.004544949568517254,0.011443747931424627,0.02606431351219274,6.303413972806616e-12,6.746356576301135e-12,0.02606431351219274
s-APRIL,APRIL,s,0.0446962272452595,0.04656096467007845,-0.001864737424818949,-0.05896788724310312,0.025489016736089276,1.8057536793441534e-11,1.9274351941247568e-11,0.025489016736089276
s-PROK,PROK,s,0.04319960610056335,0.04389740190392897,-0.0006977958033656181,-0.023117397145081438,-0.025242011648420104,2.817742860690469e-11,2.9995327226704993e-11,0.025242011648420104
s-IL6,IL6,s,0.04835036000583861,0.05023728929399893,-0.0018869292881603175,-0.05523198847964787,0.024988735291872954,4.4276749721026126e-11,4.700695144645133e-11,0.024988735291872954
r-SLURP,SLURP,r,0.05476599432783013,0.06084831467431594,-0.0060823203464858075,-0.1519369390905439,-0.0235051275274889,5.72527655923434e-10,6.062057533306949e-10,0.0235051275274889
r-GPR,GPR,r,0.18388539305472257,0.17965365776456493,0.004231735290157634,0.033588574525275756,0.022249459200717636,4.4449964424707845e-09,4.6939162432491486e-09,0.022249459200717636
s-FGF,FGF,s,6.669828202211308,6.666098385637139,0.0037298165741690426,0.0008069912471442934,0.02115205332492187,2.4420020430927727e-08,2.5718957687891967e-08,0.02115205332492187
s-PRL,PRL,s,0.04449427621050793,0.04243411457804393,0.0020601616324640026,0.06839518188983096,0.021056095466084113,2.823306782637658e-08,2.9655954533806698e-08,0.021056095466084113
r-NPR1,NPR1,r,0.007841199498402583,0.008072847634305434,-0.0002316481359028507,-0.04200329164709118,-0.0191127558059353,4.664163449336017e-07,4.88626647073297e-07,0.0191127558059353
r-ICOS,ICOS,r,0.006659588664127392,0.0066338540789714455,2.5734585155946614e-05,0.005585791415440058,-0.018931292509434816,5.982270767331718e-07,6.25060481230438e-07,0.018931292509434816
s-GPR,GPR,s,0.18388539305472254,0.1796536577645649,0.004231735290157634,0.033588574525275756,0.01689158505553401,8.430076913587021e-06,8.785027520474895e-06,0.01689158505553401
r-PRL,PRL,r,0.04449427621050793,0.04243411457804393,0.0020601616324640026,0.06839518188983096,0.015601040091276053,3.894176804682488e-05,4.047490852110933e-05,0.015601040091276053
s-ICOS,ICOS,s,0.006659588664127392,0.006633854078971447,2.573458515594488e-05,0.005585791415439739,-0.015524518294535827,4.249229250690786e-05,4.404960165637569e-05,0.015524518294535827
r-FGF,FGF,r,6.669828202211308,6.666098385637139,0.0037298165741690426,0.0008069912471442934,0.014746044539391656,0.0001009797352640095,0.00010440724586043804,0.014746044539391656
s-NPR1,NPR1,s,0.007841199498402585,0.008072847634305434,-0.00023164813590284897,-0.04200329164709085,0.014446095346504428,0.00013945366200270677,0.00014381158894029135,0.014446095346504428
s-PTPRM,PTPRM,s,0.6657060037976632,0.6489549578899946,0.016751045907668627,0.03676683112433866,0.01435868178130395,0.0001530386601112383,0.0001574111932572737,0.01435868178130395
r-PTPRM,PTPRM,r,0.6657060037976632,0.6489549578899946,0.016751045907668627,0.03676683112433866,0.014326881034378625,0.00015828280119931616,0.00016238339190396164,0.014326881034378625
r-EPO,EPO,r,0.007244436867072144,0.008030942306433577,-0.0007865054393614334,-0.14869570713798896,-0.013357833041395595,0.0004280084479528175,0.00043796213278892956,0.013357833041395595
r-VTN,VTN,r,0.5950179379260537,0.6116830932193926,-0.016665155293338896,-0.0398512389898717,-0.010468359922744419,0.005775024608601709,0.005894097280944012,0.010468359922744419
s-SLURP,SLURP,s,0.05476599432783013,0.06084831467431592,-0.006082320346485794,-0.15193693909054354,0.00943139279183125,0.012887526419703713,0.013119435635482441,0.00943139279183125
r-CLEC,CLEC,r,0.5336934759213644,0.5647979111527004,-0.031104435231335992,-0.08172337744677216,-0.008480752806682368,0.025338784912289716,0.02572861237247879,0.008480752806682368
s-DESMOSOME,DESMOSOME,s,0.06404317444601512,0.06050395156687403,0.003539222879141095,0.08201544961890328,-0.007528981364404719,0.04711822876960409,0.047720763664356056,0.007528981364404719
s-OSTN,OSTN,s,0.245832179397709,0.23661901800281976,0.00921316139488923,0.05510774299834552,-0.005550873524885702,0.14328961297911108,0.1447517518870612,0.005550873524885702
r-CEACAM,CEACAM,r,0.027527815154283576,0.02770602333899887,-0.0001782081847152943,-0.009309544806919,0.004018750055320597,0.28929893312455013,0.2915073219270276,0.004018750055320597
s-CEACAM,CEACAM,s,0.027527815154283576,0.02770602333899887,-0.0001782081847152943,-0.009309544806919,0.0034755872131519983,0.3594361333912256,0.3612606822916887,0.0034755872131519983
r-NPFF,NPFF,r,0.08393797085501344,0.08674343652005341,-0.0028054656650399745,-0.04743101166942372,-0.0007098142526997808,0.8515327098428217,0.853688488855082,0.0007098142526997808
r-NRG,NRG,r,4.5755707543808635,4.604695264168049,-0.029124509787185282,-0.009153967153560075,-0.00014085492330773164,0.9703730618495526,0.9703730618495526,0.00014085492330773164
