column,pathway,direction,rb_gw20,rb_gw34,diff_gw20,diff_gw34,q_gw20,q_gw34,persistence
r-CDH,CDH,r,-0.0414478233876122,0.1784421647689411,-0.0338071823686432,0.4763737297110415,9.594510228065324e-28,7.788939696642769e-179,gained
s-APRIL,APRIL,s,0.0254890167360892,0.1942854771713595,-0.0018647374248189,0.0085834879275698,1.9274351941247568e-11,1.1474148957983284e-211,gained
r-GIPR,GIPR,r,0.026798337822381,0.1321665077797826,0.0020877835148145,0.0071642522041277,1.7139256733468584e-12,6.4272036487808045e-99,gained
r-MHC-II,MHC-II,r,0.0278837894078314,-0.0731583388862677,-0.0102854385668837,0.0398118254168711,2.1010004137364026e-13,1.750261940716972e-31,gained
s-MELANOCORTIN,MELANOCORTIN,s,-0.0286476681932391,0.0522480143192751,-0.0035495432238771,0.0057843815791608,4.574070633698192e-14,7.975529693749914e-17,gained
s-VTN,VTN,s,-0.0296421298530606,-0.0902260307786592,-0.0166651552933387,-0.0355091777115587,5.931547796217044e-15,4.9748037294442885e-47,gained
s-CLDN,CLDN,s,0.0318200138662783,0.0890285789675919,-0.0009642585776008,0.0125401697825931,5.3202092827608473e-17,7.742764611575275e-46,gained
s-NRG,NRG,s,0.0333598305090088,-0.1148214468109943,-0.0291245097871852,-0.4354025760011719,1.5554901774183534e-18,4.1878241692140724e-75,gained
s-THY1,THY1,s,0.035096708195984,0.3188221618019717,-0.0011659554362131,0.0683603783069648,2.3792329180592275e-20,0.0,gained
s-ICAM,ICAM,s,0.035118374083422,0.1209331240241833,-0.0191452942765721,0.1065898419598505,2.2616157486981748e-20,4.109750997014441e-83,gained
s-ESAM,ESAM,s,-0.0351625726040919,0.0617108651877216,-0.0028890316835705,0.0663112024436382,2.0333012804708062e-20,7.343351559520817e-23,gained
r-ESAM,ESAM,r,-0.0351680681216972,0.0617774487225009,-0.0028890316835705,0.0663112024436382,2.0114920845687262e-20,6.625708474427679e-23,gained
s-CD6,CD6,s,-0.0367269770694449,0.1075426988234264,-0.0028573688022058,0.0090744302885792,3.928274857913831e-22,4.1847529956098544e-66,gained
r-ALCAM,ALCAM,r,-0.0367269770694449,0.1075426988234264,-0.0028573688022609,0.0090744293837011,3.928274857913831e-22,4.1847529956098544e-66,gained
r-NMU,NMU,r,0.0370243719817795,0.3383596489734772,-0.0007984810249774,0.0175424649647684,1.828457859290729e-22,0.0,gained
s-GDNF,GDNF,s,-0.0378696586939809,0.3389037777788586,-0.0040758802322176,0.0379607900524469,1.985756535973049e-23,0.0,gained
r-BTLA,BTLA,r,0.0389695921953685,0.2494906844457847,-0.0058561777977123,0.0111118004375314,1.0284488245019898e-24,0.0,gained
r-PTH,PTH,r,-0.039172372107407,0.0869478883446743,-0.0002307721407677,0.0264084016795691,5.915371342095535e-25,8.47561143184178e-44,gained
s-CDH,CDH,s,-0.0413657435719793,0.1784439522463849,-0.0338071823686432,0.4763737297110415,1.2140576112010842e-27,7.788939696642769e-179,gained
r-CD70,CD70,r,0.0427412139987184,0.0995055922508596,-0.0012366436249538,0.0022040947451289,2.119251267711824e-29,7.72175962284698e-57,gained
s-CHEMERIN,CHEMERIN,s,-0.0430411135582305,0.1021166347271604,-0.0027143200706924,0.0362271553666131,8.630811774975459e-30,9.135433956609739e-60,gained
s-NMU,NMU,s,0.0490514184212194,0.3186100234925606,-0.0007984810249774,0.0175424649647684,3.3673369262805996e-38,0.0,gained
s-PROK,PROK,s,-0.0252420116484201,0.1351124286832978,-0.0006977958033656,0.0099872864284359,2.9995327226704993e-11,2.708982312985736e-103,gained
r-NPFF,NPFF,r,-0.0007098142526997,-0.0917318954070341,-0.0028054656650399,-0.0102585773454056,0.853688488855082,1.5102557716876658e-48,gained
r-CLDN,CLDN,r,0.0318122485408913,0.0890377838684417,-0.0009642585776008,0.0125401697825931,5.3987175004875413e-17,7.613419416086698e-46,gained
r-NPR1,NPR1,r,-0.0191127558059353,0.1669807682018707,-0.0002316481359028,0.0016864256492298,4.88626647073297e-07,7.86649475310815e-157,gained
s-NPR1,NPR1,s,0.0144460953465044,0.1924812983652484,-0.0002316481359028,0.0016864256492298,0.0001438115889402,8.635685308910759e-208,gained
s-PTPRM,PTPRM,s,0.0143586817813039,0.1757980296405104,0.0167510459076686,0.3052381295765027,0.0001574111932572,1.2477036053283394e-173,gained
s-OSTN,OSTN,s,-0.0055508735248857,-0.1003449162682335,0.0092131613948892,-0.0205123127681097,0.1447517518870612,9.019382188100673e-58,gained
s-GPR,GPR,s,0.016891585055534,-0.0981059183742953,0.0042317352901576,-0.019589647940891,8.785027520474895e-06,2.6802324002154277e-55,gained
r-ICOS,ICOS,r,-0.0189312925094348,0.0732445694732899,2.573458515594661e-05,0.0036671049662849,6.25060481230438e-07,1.492956507710839e-31,gained
s-ICOS,ICOS,s,-0.0155245182945358,0.2159616871841514,2.573458515594488e-05,0.0036671049662849,4.404960165637569e-05,4.469543156877634e-261,gained
r-PTPRM,PTPRM,r,0.0143268810343786,0.1758024527352053,0.0167510459076686,0.3052381295765027,0.0001623833919039,1.2335235361366129e-173,gained
r-FGF,FGF,r,0.0147460445393916,0.1103687249813956,0.003729816574169,0.444956082127792,0.0001044072458604,1.5705928755885095e-69,gained
r-VTN,VTN,r,-0.0104683599227444,-0.0578599274308477,-0.0166651552933388,-0.0355091777115588,0.005894097280944,2.7775680298738104e-20,gained
r-GPR,GPR,r,0.0222494592007176,-0.1084252202123572,0.0042317352901576,-0.0195896479408911,4.6939162432491486e-09,3.650177170134008e-67,gained
s-FGF,FGF,s,0.0211520533249218,0.1196129564147336,0.003729816574169,0.4449560821277938,2.571895768789197e-08,2.3728645881057153e-81,gained
r-CLEC,CLEC,r,-0.0084807528066823,0.0549675457326712,-0.0311044352313359,0.0174268197917008,0.0257286123724787,1.8440753555414157e-18,gained
s-DESMOSOME,DESMOSOME,s,-0.0075289813644047,0.2070711148508977,0.003539222879141,0.0326104955397215,0.047720763664356,3.593231818632837e-240,gained
r-EPO,EPO,r,-0.0133578330413955,0.0991163903169793,-0.0007865054393614,0.0014507651068288,0.0004379621327889,2.076648654317079e-56,gained
s-MK,MK,s,-0.0960820590063807,0.0033542014231724,-0.1507624898591029,0.0712170724780305,1.894270984894587e-141,0.6051593040876986,lost
s-CDH1,CDH1,s,-0.2157910541153701,0.0154003706279761,-0.1055019519131536,-0.0012873704029311,0.0,0.0147582961200664,lost
r-HH,HH,r,0.0940770535540167,0.008103729626405,0.0105079007825934,-0.0248771670670229,1.0917329489285674e-135,0.202327295019576,lost
s-PROS,PROS,s,-0.1723680098962332,0.033849004362904,-0.0911300874047958,0.0246415020814827,0.0,7.155741012791385e-08,lost
r-GAS,GAS,r,-0.2788637461733012,0.0490826896793241,-0.1469425660768897,0.1261434784585444,0.0,5.118857747847499e-15,lost
s-PTN,PTN,s,-0.1020691152287428,0.0277359652621389,-0.1402376608192304,0.0872899950531707,2.2302717731092962e-159,1.0382692831947409e-05,lost
s-MHC-II,MHC-II,s,-0.0887655856955657,0.0262757968258291,-0.0102854385668837,0.0398118254168711,5.18413360742556e-121,2.9777484194930908e-05,lost
s-HSPG,HSPG,s,-0.2162751293434269,0.0338461650705019,-0.0437713628327917,0.0261294355015624,0.0,7.155741012791385e-08,lost
r-ANGPT,ANGPT,r,-0.2802519167697195,0.0012921212371774,-0.0454091591828408,0.0650629285772646,0.0,0.842558156324112,lost
s-AGRN,AGRN,s,-0.0873919553802574,-0.0407943270086625,-0.019018462945307,-0.0220540998581438,2.3449030397179644e-117,8.136227088164422e-11,lost
r-MELANOCORTIN,MELANOCORTIN,r,-0.0835287315063171,-0.0139198772355627,-0.0035495432238771,0.0057843815791609,2.2526463259677813e-107,0.0276449429726217,lost
s-ANXA1,ANXA1,s,0.0768843970398325,0.0032354983292557,0.0001877845076287,0.0016840824114411,2.969757095750063e-91,0.6170615528185969,lost
s-PMCH,PMCH,s,0.0762249128679204,0.0284954790196354,0.0001938321193205,0.0083526755193564,9.98701049060476e-90,5.878335780784972e-06,lost
s-CD70,CD70,s,0.0753586753565391,0.0068544592090351,-0.0012366436249538,0.0022040947451289,9.604115833857754e-88,0.281906679950678,lost
s-GALECTIN,GALECTIN,s,-0.0724188583700515,0.0046294693015949,-0.0048011298381184,0.0156361887034917,3.560214037727431e-81,0.4730952676295154,lost
s-LAMININ,LAMININ,s,-0.2837907240350419,0.0438888456543626,-4.133012962184743,1.505054603527114,0.0,2.6869149979979935e-12,lost
r-ANXA1,ANXA1,r,0.0701696125928477,-0.0251216639834238,0.0001877845076287,0.0016840824114411,2.5287689334129647e-76,6.591603982302924e-05,lost
r-APELIN,APELIN,r,-0.0909229954819198,0.0181761224628764,-0.003735925750681,0.0197956182703432,7.15468819147765e-127,0.0039900527312729,lost
s-WNT,WNT,s,-0.1059837978831899,0.0147329909969502,-1.2976009644479127,1.0377823464028957,1.106074566576045e-171,0.0197265037353237,lost
s-ncWNT,ncWNT,s,-0.1964419699122662,0.0095068447010413,-0.3602181049728514,-0.0421851808692714,0.0,0.1346030311518384,lost
r-GHRELIN,GHRELIN,r,0.1976515697349978,0.0351027130746071,0.0032507144315479,0.00128594349012,0.0,2.3211562671434013e-08,lost
r-LHB,LHB,r,-0.172861030161476,0.0499348543509876,-0.0008435004942145,0.0021942007410221,0.0,1.714116917263416e-15,lost
r-ncWNT,ncWNT,r,-0.252173599458055,0.0246155585927809,-0.3602181049728514,-0.0421851808692705,0.0,9.240949648709276e-05,lost
r-CD45,CD45,r,-0.1599645659980919,0.0365815770658131,-0.0102361259823504,0.0213489591684563,0.0,5.795711372042699e-09,lost
r-MADCAM,MADCAM,r,-0.1741587641524858,-0.020788301872109,-0.002708833290066,-0.0014194752836763,0.0,0.0009822866426449,lost
s-IGF,IGF,s,-0.1598263149887122,-0.0296319438026819,-0.0624280033324416,-0.032350625604389,0.0,2.4402268052264798e-06,lost
s-NGF,NGF,s,-0.2533948920767752,0.0342527493105444,-0.0114289072763928,0.0012687441752814,0.0,4.993132566309788e-08,lost
s-TRH,TRH,s,-0.1553662975723608,0.0431965629362296,-0.0032057930428686,1.5430451388202295e-05,0.0,5.867797351006372e-12,lost
s-CD137,CD137,s,-0.2581322175946657,0.0394364825362236,-0.0009904238513869,0.0005004275562268,0.0,3.370491418753965e-10,lost
s-LIFR,LIFR,s,-0.2468324048843689,0.0181996332631313,-0.0545885291358174,0.006639894445319,0.0,0.003953276105576,lost
r-AGRN,AGRN,r,-0.1410017682441419,-0.0272216824661838,-0.019018462945307,-0.0220540998581439,2.5667021401948823e-302,1.5124941218553428e-05,lost
r-CHEMERIN,CHEMERIN,r,0.0699279173571947,0.0133480546895139,-0.0027143200706924,0.0362271553666131,8.207608569735908e-76,0.0347704845435433,lost
r-CDH1,CDH1,r,-0.2649531255510511,0.0174879010880508,-0.1055019519131536,-0.0012873704029311,0.0,0.0055660817033422,lost
r-MHC-I,MHC-I,r,-0.1892574248703045,-0.0005937404242279,-0.107917900665051,0.024586005738544,0.0,0.9266383749882828,lost
s-HCRT,HCRT,s,-0.2660036844141247,-0.0337288238641614,-0.0156009122625613,-9.81653711253326e-05,0.0,7.922884442160877e-08,lost
r-NRXN,NRXN,r,0.138771060532598,-0.0261225054353906,0.1714650657866183,-0.3700524360968948,6.835065391214262e-293,3.308427384081696e-05,lost
s-ACTIVIN,ACTIVIN,s,-0.1355166543457939,0.0437539519059129,-0.2273718914979432,0.1788685416251185,2.0531267578393644e-279,3.125574596398875e-12,lost
s-APJ,APJ,s,-0.1335984714538099,-0.030158441027836,-0.0003971520635313,7.005621971480178e-05,1.2890938575836376e-271,1.6136164311659931e-06,lost
s-VEGI,VEGI,s,-0.1138765004341679,0.0332120361678429,-0.0012937667933861,0.0021733064386491,6.797772112054457e-198,1.248246724513305e-07,lost
s-MHC-I,MHC-I,s,-0.1138098276454389,0.0006287847098935,-0.107917900665051,0.0245860057385443,1.1484405943924981e-197,0.924514131298044,lost
r-PROS,PROS,r,-0.2440886829295813,-0.0040268401289902,-0.0911300874047958,0.0246415020814829,0.0,0.5327379012193354,lost
r-IL6,IL6,r,-0.0682742564578007,-0.0084684662227562,-0.0018869292881603,-0.0004099678962406,2.3558584323785737e-72,0.1827111921652986,lost
s-BAG,BAG,s,-0.6118782226019931,-0.0204628593802438,-0.0009711492006324,-5.877823201589239e-05,0.0,0.0011760058409804,lost
s-EPO,EPO,s,-0.0668050846525248,0.0450823941983589,-0.0007865054393614,0.0014507651068288,2.371102504158787e-69,6.763377272481372e-13,lost
r-SELPLG,SELPLG,r,-0.4554229733720893,-0.0481190326220712,-0.043588756034574,-0.0023553177014793,0.0,1.720568049898827e-14,lost
r-RANKL,RANKL,r,-0.4509223466634088,-0.0180056737209201,-0.0121868138489363,0.0005398417879079,0.0,0.0043402703266385,lost
s-LIGHT,LIGHT,s,-0.4049518492379976,0.0107970325442492,-0.0050443508902385,0.0138604090147869,0.0,0.0884673923424799,lost
s-RANKL,RANKL,s,-0.3831203655582649,-0.0020385085871875,-0.0121868138489363,0.0005398417879079,0.0,0.7556935029983177,lost
r-VCAM,VCAM,r,-0.3810290646703486,0.0030212867892041,-0.0127434051526221,0.0428073145001915,0.0,0.640039654091701,lost
r-IL1,IL1,r,-0.3689346643619746,0.0463339871204346,-0.0163813999355919,0.0082473293804213,0.0,1.5314275040881154e-13,lost
r-KISS1,KISS1,r,-0.3672638955734373,0.0146748128620552,-0.000199364367405,0.0003806104781916,0.0,0.0201720437176192,lost
s-ANGPT,ANGPT,s,-0.3505181839269318,0.0430332215450615,-0.0454091591828408,0.0650629285772646,0.0,7.031330815236823e-12,lost
s-OCLN,OCLN,s,-0.3392764266403686,-0.0177593605451441,-0.0673849784233603,0.0002814202431581,0.0,0.0048745656058543,lost
s-MADCAM,MADCAM,s,-0.2879084108708526,0.0312110767666844,-0.002708833290066,-0.0014194752836763,0.0,6.874045963305236e-07,lost
s-EGF,EGF,s,-0.3322164365536242,0.0380368329790803,-0.237397160032333,0.1009774960467877,0.0,1.3944517152282712e-09,lost
s-CX3C,CX3C,s,-0.3194182143034766,-0.0122717257547532,-0.0192106210087239,8.531652493653369e-05,0.0,0.0524503375102041,lost
r-CCL,CCL,r,-0.3182140709350456,0.0349426791246954,-0.0974841342954626,0.1483048063849931,0.0,2.6748453582556344e-08,lost
r-NTS,NTS,r,-0.3170197117754971,0.0122295741182993,-0.0019527469112316,0.0002277288140771,0.0,0.0531421656643208,lost
r-OCLN,OCLN,r,-0.3392622512564803,-0.0177625251098021,-0.0673849784233603,0.0002814202431581,0.0,0.0048745656058543,lost
r-HCRT,HCRT,r,-0.2949762733623953,-0.0350183611628573,-0.0156009122625613,-9.816537112532568e-05,0.0,2.50192114951541e-08,lost
s-CD86,CD86,s,-0.0666369139092285,-0.0208124875362967,-0.0039163346355287,0.0066303272519697,5.153399256405194e-69,0.0009714745751726,lost
s-NRXN,NRXN,s,0.064707098424702,0.0179872335199444,0.1714650657866201,-0.3700524360968948,3.527371389780892e-65,0.0043689867776305,lost
s-ADGRE5,ADGRE5,s,-0.2897159563736969,0.0155208551194814,-0.0114649854440148,0.0198580369097977,0.0,0.0140209030283949,lost
s-PACAP,PACAP,s,0.0632052145485828,0.008489298846773,0.033559536933915,0.0027957888202327,2.852683950876457e-62,0.1820863227762694,lost
r-PACAP,PACAP,r,0.0619915958011598,0.0004272253486188,0.0335595369339149,0.0027957888202328,5.669225781671096e-60,0.94548957261063,lost
s-CD39,CD39,s,-0.23266334189843,0.012806023434194,-0.1079059468098027,0.0857634821559523,0.0,0.0429100474393862,lost
r-MIF,MIF,r,-0.060404315864631,0.0233985235679508,-0.0092926074446873,-0.0090975571341385,4.956071186084473e-57,0.0002037978775306,lost
s-NTS,NTS,s,-0.2386582558194052,0.0171314999732485,-0.0019527469112316,0.0002277288140771,0.0,0.0066133107474039,lost
r-NGF,NGF,r,-0.3069480815317161,-0.0226630434782608,-0.0114289072763928,0.0012687441752814,0.0,0.0003226324962766,lost
s-CLEC,CLEC,s,-0.0568032086028537,0.0408945351829064,-0.0311044352313359,0.0174268197917008,1.2154488959085142e-50,7.331995427772421e-11,lost
r-QRFP,QRFP,r,-0.0548716633032855,0.0449995257712905,-0.0001309274905852,0.0027496269876416,2.2643490598554003e-47,7.431553024890174e-13,lost
r-HSPG,HSPG,r,-0.3069625128951415,0.0462880842132911,-0.0437713628327917,0.0261294355015624,0.0,1.6135318387548437e-13,lost
s-CCK,CCK,s,-0.0580001376682768,0.0305199309814832,-0.0028531754345094,-0.0193092735884135,1.0118157961274926e-52,1.2085814879170163e-06,lost
s-CEACAM,CEACAM,s,0.0034755872131519,-0.0467631884220099,-0.0001782081847152,-0.0020298823031947,0.3612606822916887,9.128127922959281e-14,ns_both
r-CEACAM,CEACAM,r,0.0040187500553205,-0.0205301937771466,-0.0001782081847152,-0.0020298823031947,0.2915073219270276,0.0011351201741678,ns_both
s-PTH,PTH,s,0.0433929728276847,0.0015846109135833,-0.0002307721407677,0.0264084016795691,2.9831602875051144e-30,0.8100339102490118,ns_both
s-SLURP,SLURP,s,0.0094313927918312,-0.004538131636162,-0.0060823203464857,0.0165344940844078,0.0131194356354824,0.4810326629761119,ns_both
s-QRFP,QRFP,s,0.0381976976198563,0.0189544655320845,-0.0001309274905852,0.0027496269876416,8.29386714675001e-24,0.0026819647116313,ns_both
r-PRL,PRL,r,0.015601040091276,0.0476908344966122,0.002060161632464,0.000319043025979,4.047490852110933e-05,2.9255446735981665e-14,ns_both
s-RELN,RELN,s,0.0307477169635452,0.0076146235110434,0.0211388993852864,-0.0459712884377075,5.635337007765427e-16,0.2311565805835128,ns_both
r-SLURP,SLURP,r,-0.0235051275274889,0.0352210939361956,-0.0060823203464858,0.0165344940844078,6.062057533306949e-10,2.0861241849614563e-08,ns_both
r-GALECTIN,GALECTIN,r,-0.0468564494972731,0.0359581669479613,-0.0048011298381184,0.0156361887034917,5.295547959331156e-35,1.0480085401735277e-08,ns_both
s-IL6,IL6,s,0.0249887352918729,-0.0394649544983632,-0.0018869292881603,-0.0004099678962406,4.700695144645133e-11,3.2827522827565115e-10,ns_both
s-KIT,KIT,s,0.0260643135121927,0.0014855396722714,0.0045449495685172,0.0169224682163341,6.746356576301135e-12,0.8203671833296126,ns_both
s-MIF,MIF,s,-0.0266661797693829,-0.0092598141023458,-0.0092926074446872,-0.0090975571341384,2.1956209064170467e-12,0.1449490583088842,ns_both
r-APJ,APJ,r,-0.0295881581531473,-0.0349379246778892,-0.0003971520635313,7.005621971480178e-05,6.622274407280405e-15,2.6785277776447776e-08,ns_both
s-PRL,PRL,s,0.0210560954660841,0.0487082921929795,0.002060161632464,0.000319043025979,2.9655954533806698e-08,8.215251454560713e-15,ns_both
r-KIT,KIT,r,-0.0391783975072501,0.0297680413624712,0.0045449495685172,0.0169224682163341,5.834922976412487e-25,2.1973191055388005e-06,ns_both
r-NRG,NRG,r,-0.0001408549233077,0.0184214142229701,-0.0291245097871852,-0.4354025760011719,0.9703730618495526,0.0035363648176851,ns_both
s-PVR,PVR,s,0.1082410511782692,0.1198714171413006,0.0151966559470412,0.0500110841494362,5.4829994217040124e-179,1.0775363502845994e-81,persistent
r-TAC,TAC,r,0.0952924875961829,0.1553364956687111,0.0141664654990207,0.0315250110167814,3.636976896747434e-139,5.945379695919679e-136,persistent
r-COMPLEMENT,COMPLEMENT,r,-0.0949659615691165,-0.1803366598248028,-0.0509010523188595,0.0407481393026421,3.151999343957554e-138,1.3243784343191623e-182,persistent
s-EPHA,EPHA,s,-0.092889251514822,-0.110483008020545,-0.4941808195391317,-1.3171051607652622,2.482610936603385e-132,1.1412697933278568e-69,persistent
s-CALCR,CALCR,s,0.0920099686979765,0.0721937090521749,0.0030352857663837,0.0446130172925798,7.1123910000689524e-130,1.0559463649240956e-30,persistent
r-VISFATIN,VISFATIN,r,-0.0911635836175632,-0.2019535851690442,-0.0102538369430764,-0.053861139744471,1.5616649181866342e-127,1.4963467093467352e-228,persistent
r-NPY,NPY,r,-0.2788587446916071,-0.2846565124977505,-0.3306831852059595,-0.4049199592638863,0.0,0.0,persistent
s-GIPR,GIPR,s,0.0903643860899745,0.0699896946453499,0.0020877835148145,0.0071642522041277,2.4246081267743794e-125,5.932963477939842e-29,persistent
s-OX40,OX40,s,0.2795576754480762,0.4988119780444267,5.818502634476961e-05,0.0081202969460348,0.0,0.0,persistent
r-CRH,CRH,r,-0.0883267117661863,-0.167645667251954,-0.0054620308306831,-0.056366274631051,7.739338275635957e-120,4.571627812545979e-158,persistent
s-CD226,CD226,s,0.0967201227003213,0.0659191464369617,0.052800066433142,0.0826105192356498,2.6233267408932577e-143,7.241742063038022e-26,persistent
s-IL1,IL1,s,0.0874780224103697,0.2167580205450467,-0.0163813999355919,0.0082473293804213,1.3930869428259316e-117,5.4632931803625185e-263,persistent
s-CD34,CD34,s,0.0856881564996205,0.2307445633934346,-0.0019213744244486,0.0303078539094,6.750130238589693e-113,9.579200630892612e-298,persistent
s-RLN,RLN,s,0.0856639216254444,0.090229757729928,0.0018974768810507,0.0122650494168871,7.773829737093476e-113,4.953289505892856e-47,persistent
r-NEGR,NEGR,r,0.2808752917419925,0.0853296831909025,0.3122802375231868,0.0912547043560705,0.0,3.029177515527317e-42,persistent
r-GP1BA,GP1BA,r,0.0800568015376126,0.1358072284615048,-0.0039340617115657,0.0066259141405452,8.796977166316153e-99,2.434642358580745e-104,persistent
s-CSF,CSF,s,0.0791719717315133,0.182014882269683,-0.0128662482936172,0.0737124959229547,1.1838373550452591e-96,5.595450801349963e-186,persistent
r-CNTN,CNTN,r,0.0779079530489226,0.1136034450891794,0.0853776293652526,-0.0042454035508852,1.1924242368414706e-93,1.4625014058252455e-73,persistent
s-IL16,IL16,s,-0.2809564708037783,-0.1627096759680345,-0.0274699202523139,0.0384713528824328,0.0,5.392118402019233e-149,persistent
s-UCN,UCN,s,-0.2814580730472582,-0.1378902902279702,-0.033963689378946,-0.0117199806093939,0.0,1.6494221414478126e-107,persistent
r-PMCH,PMCH,r,0.0761054683120816,0.0662434884750264,0.0001938321193205,0.0083526755193564,1.876564225198577e-89,4.177371781968752e-26,persistent
s-NEGR,NEGR,s,0.2808727126447521,0.0853390370482058,0.3122802375231872,0.0912547043560705,0.0,2.979818961978621e-42,persistent
s-IL17,IL17,s,-0.0991096222855104,-0.2239027502833213,-0.0042479520757523,-0.0218482911390283,2.214106626900772e-150,1.860495750472863e-280,persistent
s-FLT3,FLT3,s,0.1005092480811116,0.1790168570066683,0.0024302295478862,0.01914090426437,1.3310056942571078e-154,5.6909550765909175e-180,persistent
s-LHB,LHB,s,-0.1032066120038373,-0.0724393291244521,-0.0008435004942145,0.0021942007410221,6.605116908719937e-163,6.702770505232327e-31,persistent
r-CD86,CD86,r,-0.1368930319603366,-0.1212582321240095,-0.0039163346355287,0.0066303272519697,4.458981062416223e-285,1.5204088996560998e-83,persistent
s-PSAP,PSAP,s,-0.2692822615951125,-0.2063183558125848,-0.098808735508172,-0.0589229708625319,0.0,1.918201011101641e-238,persistent
r-MPZ,MPZ,r,-0.2693015800077279,-0.2100788314031819,-0.1071089838020671,-0.0966854331258102,0.0,3.855870555393391e-247,persistent
r-CD22,CD22,r,-0.1325072642351025,-0.0820609736523393,-0.0011406104323553,-0.0002912862465527,3.1331047591563687e-267,3.4065286021759605e-39,persistent
r-CCK,CCK,r,-0.1308829035715708,-0.1176473209725822,-0.0028531754345094,-0.0193092735884135,9.095676645341308e-261,9.365831947597096e-79,persistent
s-IL10,IL10,s,0.1293966652382978,0.1294302020457496,0.0019536193150717,0.0048159353761811,6.342486468260311e-255,6.060712629315563e-95,persistent
s-NPY,NPY,s,-0.1233996510902398,-0.3055789906953895,-0.3306831852059595,-0.4049199592638863,5.0983663924129984e-232,0.0,persistent
s-CXCL,CXCL,s,0.1216892004181813,0.1299256737695588,0.0236522180735738,0.0248320660243814,1.0893921331707711e-225,1.171508207622888e-95,persistent
r-SELL,SELL,r,-0.1197219126544693,-0.17638235844881,-0.0123001777074666,-0.0033954621519296,1.6120843643205672e-218,9.069325017175631e-175,persistent
s-ITGB2,ITGB2,s,0.1182854382138514,0.2910189229414825,0.0020004556211259,0.0740982782524953,2.330186856904428e-213,0.0,persistent
r-VIP,VIP,r,-0.1146398778305718,-0.1734233536967951,-0.0033895466876317,-0.0262456085102844,1.5820209902025632e-200,5.0920644847012767e-169,persistent
r-TWEAK,TWEAK,r,-0.2697640031353955,-0.1054902977669908,-0.001911742351042,0.0077239226418298,0.0,1.1471099887048441e-63,persistent
s-ENHO,ENHO,s,-0.1128967711550014,-0.1794928671138197,-0.0218815604093916,-0.0555893495323635,1.5382789207646916e-194,6.438421542257605e-181,persistent
r-EPHA,EPHA,r,-0.110909706329521,-0.1732898704747637,-0.4941808195391353,-1.3171051607652622,8.075884889021932e-188,9.141505598782423e-169,persistent
r-CALCR,CALCR,r,0.1105920141241143,0.0942688366075381,0.0030352857663837,0.0446130172925798,9.278626791174529e-187,3.5221092330133324e-51,persistent
s-SN,SN,s,-0.1089231957433976,-0.2848622487195824,-0.0013690939111822,-0.0059692175844478,3.1849401161140614e-181,0.0,persistent
r-CX3C,CX3C,r,-0.2379472163576457,-0.0773353575198081,-0.0192106210087239,8.531652493654063e-05,0.0,5.389588624173743e-35,persistent
r-SEMA7,SEMA7,r,0.1076863219213917,0.1162667256817948,0.093434731107775,0.0990188749006837,3.5318144386326806e-177,5.863060993474309e-77,persistent
s-IL12,IL12,s,-0.1064523957703944,-0.0555765587532891,-0.0009538065044646,0.000158447699627,3.472098263953488e-173,7.729021812223676e-19,persistent
r-RLN,RLN,r,0.1047504461925543,0.1835611475361995,0.0018974768810507,0.0122650494168871,9.358759217319925e-168,4.021107906509394e-189,persistent
r-THY1,THY1,r,0.1040880143496338,0.2848579502619202,-0.0011659554362131,0.0683603783069648,1.1464038186999038e-165,0.0,persistent
s-CNTN,CNTN,s,0.0743597273910761,0.1286138781207897,0.0853776293652535,-0.0042454035508852,1.7570709337572906e-85,8.947935290167363e-94,persistent
s-TAC,TAC,s,0.0731760026417456,0.1515836563763088,0.0141664654990207,0.0315250110167814,7.708164377915423e-83,1.5069253960993192e-129,persistent
r-GNRH,GNRH,r,0.0730768020690573,0.4419834068590496,0.0032574899866321,0.0403393591405708,1.2739468232747448e-82,0.0,persistent
r-PVR,PVR,r,0.0714077653934031,0.0807197515041562,0.0151966559470412,0.0500110841494361,5.644847670318141e-79,5.647842266763195e-38,persistent
r-CADM,CADM,r,-0.3178331770602003,-0.2664676648978341,-0.2608891531495629,-0.3692305427571192,0.0,0.0,persistent
r-GDF,GDF,r,0.3185481605370199,0.3227967455750813,0.3623636856468444,0.308066222460134,0.0,0.0,persistent
r-ANGPTL,ANGPTL,r,-0.319133806791002,-0.1979739855153528,-0.276596557583562,-0.0378850477726588,0.0,1.0309292982904463e-219,persistent
s-NGL,NGL,s,-0.3194524806342748,-0.3363625077214162,-0.3295751838118508,-0.4960409735329825,0.0,0.0,persistent
s-PARs,PARs,s,-0.3302695306435493,-0.104542351055706,-0.2151209924176351,-0.0537395359325372,0.0,1.4748371458602248e-62,persistent
s-SEMA6,SEMA6,s,0.332052074712311,0.1393544713687455,0.5302662822269006,0.2915243013947304,0.0,9.135550299240735e-110,persistent
r-LEP,LEP,r,-0.3360948454829846,-0.0837743984591214,-0.0197326214058366,-0.0048202260543781,0.0,8.916230199591585e-41,persistent
s-TWEAK,TWEAK,s,-0.3362612468883665,-0.0530430769904229,-0.001911742351042,0.0077239226418298,0.0,2.6990430611570218e-17,persistent
r-SEMA3,SEMA3,r,-0.3605389932709919,-0.1129422121918121,-4.873094124437195,-1.294875563937076,0.0,9.91700318934914e-73,persistent
s-APP,APP,s,-0.3648036004123945,-0.1412728480960325,-0.0131702394472289,0.0140855611144946,0.0,9.318012922511631e-113,persistent
s-EPHB,EPHB,s,-0.3680439787367311,-0.1229680880557595,-1.037123025071379,-0.3789216665802204,0.0,7.298518944040478e-86,persistent
r-BAG,BAG,r,-0.3823903436283095,-0.0801535589040696,-0.0009711492006324,-5.877823201589239e-05,0.0,1.811389729978051e-37,persistent
s-GDF,GDF,s,0.3848050969505723,0.3146779987062067,0.3623636856468444,0.3080662224601331,0.0,0.0,persistent
s-SEMA4,SEMA4,s,-0.3921606519487226,-0.293786387933676,-0.9826701375567666,-1.0503734092114403,0.0,0.0,persistent
r-NT,NT,r,-0.4076802363181028,-0.2636549049840221,-0.3557631862019638,-0.3600990028304663,0.0,0.0,persistent
s-JAM,JAM,s,-0.4137113338887798,-0.0828550817862128,-1.3755996114374387,-0.2108320400654832,0.0,6.332474761720609e-40,persistent
s-CD40,CD40,s,-0.4169541460867774,-0.2388281382996834,-0.0132282165963134,0.0009709953347341,0.0,0.0,persistent
r-EPHB,EPHB,r,-0.4240741778514022,-0.1131415584857755,-1.037123025071379,-0.3789216665802186,0.0,5.58649300791424e-73,persistent
r-JAM,JAM,r,-0.4304004781936731,-0.0889545810493344,-1.3755996114374387,-0.210832040065485,0.0,9.134108135388537e-46,persistent
s-SEMA3,SEMA3,s,-0.4788878611001537,-0.1147106779281799,-4.873094124437198,-1.294875563937083,0.0,5.775329876207054e-75,persistent
r-CD40,CD40,r,-0.5284788568117473,-0.3269829630296161,-0.0132282165963134,0.0009709953347341,0.0,0.0,persistent
s-CADM,CADM,s,-0.3177949979649856,-0.2664908230664844,-0.2608891531495629,-0.3692305427571192,0.0,0.0,persistent
r-CD226,CD226,r,0.1380101441243839,0.1421166104077393,0.0528000664331418,0.0826105192356501,1.0348938342519358e-289,4.45272379100513e-114,persistent
s-CD80,CD80,s,-0.3163029626373095,-0.157476221686114,-0.0184061432829492,-0.0091955102099564,0.0,1.1361401717877206e-139,persistent
r-OX40,OX40,r,0.3128679746059843,0.3575873979192303,5.818502634476961e-05,0.0081202969460348,0.0,0.0,persistent
s-GNRH,GNRH,s,0.0696137105176954,0.3259856539735501,0.0032574899866321,0.0403393591405708,3.7732664339500963e-75,0.0,persistent
r-MSTN,MSTN,r,-0.0681319640048836,-0.0699683969124063,0.0030441028969995,0.0054264618795013,4.620630779034032e-72,6.142828443378304e-29,persistent
s-ANNEXIN,ANNEXIN,s,0.0667313175081114,0.1277964537420293,-0.0002193912215974,0.0205905212095827,3.332501706670667e-69,1.311163248612664e-92,persistent
s-VISFATIN,VISFATIN,s,-0.0661556595113324,-0.1485672030720293,-0.0102538369430766,-0.053861139744471,4.7719094876498535e-68,1.6329279153068276e-124,persistent
r-NPR2,NPR2,r,-0.2894619961795353,-0.0556188015875718,-0.0039788673007803,0.0002287438524444,0.0,7.296650226769183e-19,persistent
s-VIP,VIP,s,-0.0640359536265815,-0.2300995333103109,-0.0033895466876317,-0.0262456085102844,7.163077346100024e-64,4.2603331384490335e-296,persistent
s-NT,NT,s,-0.2909808638613594,-0.2187253036279712,-0.355763186201964,-0.3600990028304663,0.0,9.421337205598157e-268,persistent
s-MSTN,MSTN,s,-0.0621488563932645,-0.0729424189068906,0.0030441028969995,0.0054264618795013,2.877594702046043e-60,2.619157966413078e-31,persistent
s-SELL,SELL,s,-0.0618769610870385,-0.1164336481077058,-0.0123001777074666,-0.0033954621519296,9.27613392420955e-60,3.579042205021332e-77,persistent
s-L1CAM,L1CAM,s,-0.2981062385669175,-0.250052529949367,-0.117832542459179,-0.228072469103463,0.0,0.0,persistent
r-SN,SN,r,-0.0582785836609005,-0.2738390698794243,-0.0013690939111822,-0.0059692175844477,3.277439263361131e-53,0.0,persistent
s-SELPLG,SELPLG,s,-0.2989003762476394,-0.0576060509151398,-0.043588756034574,-0.0023553177014793,0.0,4.0465186189490727e-20,persistent
r-IL17,IL17,r,-0.0577267331397882,-0.2188651646181607,-0.0042479520757523,-0.0218482911390283,3.0445006911596045e-52,4.353599650378754e-268,persistent
s-LCK,LCK,s,-0.056964828659752,-0.3245540000583666,-0.0012163858036536,-0.0011059633625518,6.41526078998709e-51,0.0,persistent
r-L1CAM,L1CAM,r,-0.3050986601663367,-0.2645154963350632,-0.1178325424591786,-0.228072469103463,0.0,0.0,persistent
r-FLT3,FLT3,r,0.0542085237251992,0.122428804895013,0.0024302295478862,0.01914090426437,2.8246586168714917e-46,3.968956514436025e-85,persistent
s-NPFF,NPFF,s,-0.0540032823654024,-0.1210809496247513,-0.00280546566504,-0.0102585773454056,6.118096770287719e-46,2.610408116422776e-83,persistent
s-CRH,CRH,s,-0.0508082165552693,-0.1717374645544439,-0.0054620308306831,-0.056366274631051,7.32556679276178e-41,8.574583237018633e-166,persistent
r-SEMA6,SEMA6,r,0.3059518817846238,0.1614330522818912,0.5302662822269006,0.2915243013947295,0.0,1.0796049846594337e-146,persistent
r-GCG,GCG,r,0.3066955331313397,0.1651544222435153,0.0014594318700849,0.0029503935378443,0.0,1.865466552076263e-153,persistent
s-ANGPTL,ANGPTL,s,-0.3124177098169826,-0.1157202682918525,-0.2765965575835625,-0.0378850477726588,0.0,2.9712027730459136e-76,persistent
r-PARs,PARs,r,-0.3159209759090717,-0.0547108056051401,-0.2151209924176353,-0.053739535932537,0.0,2.639396207563955e-18,persistent
s-CD23,CD23,s,-0.2663560202558951,-0.219833150532352,-0.0230796848879498,-0.013683533042136,0.0,1.932695628585346e-270,persistent
r-APP,APP,r,-0.1648568533475032,-0.0571502988856841,-0.0131702394472289,0.0140855611144946,0.0,7.913617182008808e-20,persistent
s-CD96,CD96,s,-0.1583551174064164,-0.1308823815522599,-0.0626603985780079,-0.0872880201894321,0.0,4.848759259142779e-97,persistent
s-NECTIN,NECTIN,s,-0.1582351572149569,-0.0785396430881774,-0.1647956720705741,-0.1410776860967209,0.0,4.833963679141013e-36,persistent
r-CSF3,CSF3,r,-0.2475188988037887,-0.2498525391907469,-0.011342769297804,-0.0050419070614055,0.0,0.0,persistent
r-SEMA4,SEMA4,r,-0.263348246906446,-0.3031394305364377,-0.9826701375567666,-1.0503734092114403,0.0,0.0,persistent
r-NECTIN,NECTIN,r,-0.2075738554504601,-0.1459595835542347,-0.1647956720705732,-0.1410776860967209,0.0,3.040592795393734e-120,persistent
r-PERIOSTIN,PERIOSTIN,r,-0.1590795293862624,-0.1483952951648127,-0.0497899899383309,-0.0317562695025052,0.0,3.1213514174302867e-124,persistent
s-MPZ,MPZ,s,-0.2529504242821766,-0.2078549723488183,-0.1071089838020671,-0.0966854331258102,0.0,5.6217827053580316e-242,persistent
s-BRADYKININ,BRADYKININ,s,0.1875619919708089,0.1346917695783498,0.0004595352611654,0.0010554321162147,0.0,1.1551867879119222e-102,persistent
r-ENHO,ENHO,r,-0.1604754487636092,-0.2234020194847201,-0.0218815604093916,-0.0555893495323633,0.0,3.2381640037186245e-279,persistent
s-PERIOSTIN,PERIOSTIN,s,-0.1614500083590876,-0.1878535800619658,-0.0497899899383309,-0.0317562695025052,0.0,5.3908097535621146e-198,persistent
r-NCAM,NCAM,r,-0.2097954600333266,-0.2888082206938817,-0.213110296232422,-0.9230967142732373,0.0,0.0,persistent
r-CD96,CD96,r,-0.21495545786012,-0.2094970561340875,-0.0626603985780079,-0.087288020189432,0.0,8.70745710207946e-246,persistent
r-CXCL,CXCL,r,0.2245077051633022,0.0588924814078026,0.0236522180735738,0.0248320660243814,0.0,5.850154670943821e-21,persistent
s-NPNT,NPNT,s,-0.2043541016318176,-0.1926311242381941,-0.0179311990691026,-0.0433674141474506,0.0,4.1611237326181456e-208,persistent
r-PSAP,PSAP,r,-0.1635494486609784,-0.1405438612917503,-0.098808735508172,-0.0589229708625319,0.0,1.291993983019937e-111,persistent
r-NPNT,NPNT,r,-0.2158854503611604,-0.1488816106266142,-0.0179311990691026,-0.0433674141474506,0.0,4.954466765953502e-125,persistent
r-UCN,UCN,r,-0.2447232079476931,-0.0567365039373142,-0.033963689378946,-0.011719980609394,0.0,1.4523979032771613e-19,persistent
s-LEP,LEP,s,-0.2415396414552987,-0.0611168876491388,-0.0197326214058366,-0.0048202260543781,0.0,1.873847634254072e-22,persistent
s-THPO,THPO,s,-0.1650117223462296,-0.0694380754582995,-0.0026416630217907,-0.0001986400989233,0.0,1.5892367955958444e-28,persistent
r-CD80,CD80,r,-0.180193494610491,-0.2038193042700039,-0.0184061432829492,-0.0091955102099564,0.0,9.426643113175754e-233,persistent
s-NCAM,NCAM,s,-0.2219835281717521,-0.3393263945971974,-0.213110296232422,-0.9230967142732373,0.0,0.0,persistent
s-GALANIN,GALANIN,s,0.1696826935562156,0.0997995897313677,0.0011366595352069,0.0052299462683428,0.0,3.6521416973764964e-57,persistent
r-IGF,IGF,r,-0.1721692135221277,-0.1029754811597445,-0.0624280033324416,-0.032350625604389,0.0,9.584633393951075e-61,persistent
r-CSF,CSF,r,0.248923332143266,0.2514294651672932,-0.0128662482936172,0.0737124959229547,0.0,0.0,persistent
s-TSH,TSH,s,-0.1725861623675538,-0.0741018229837984,-0.0050064703550757,-0.001306788828788,0.0,2.9391640768060603e-32,persistent
r-OPIOID,OPIOID,r,0.1726949660792185,0.0795446674805566,0.0823053092748655,0.0829087770149801,0.0,6.31486461641694e-37,persistent
s-KISS1,KISS1,s,-0.2476701868464037,-0.0608631388103911,-0.000199364367405,0.0003806104781916,0.0,2.7870171688375343e-22,persistent
r-CD23,CD23,r,-0.2426558721673669,-0.2754115758012033,-0.0230796848879498,-0.013683533042136,0.0,0.0,persistent
s-NPR2,NPR2,s,-0.2545854703680064,-0.1009072238408148,-0.0039788673007803,0.0002287438524444,0.0,2.1153836002951232e-58,persistent
r-IL12,IL12,r,-0.1744514222944611,-0.0566918291609312,-0.0009538065044646,0.000158447699627,0.0,1.5457457211789755e-19,persistent
r-CD48,CD48,r,-0.2310551920467406,-0.0886313455449252,-0.0055032560319144,-0.0008293028307936,0.0,1.90393577700566e-45,persistent
r-MK,MK,r,-0.1445215907434269,-0.0605831371566705,-0.1507624898591015,0.0712170724780305,0.0,4.312415806767588e-22,persistent
r-BRADYKININ,BRADYKININ,r,0.237342635890138,0.1016209319688516,0.0004595352611654,0.0010554321162147,0.0,3.3147835761143852e-59,persistent
s-GHRELIN,GHRELIN,s,0.2343905089074491,0.120495417005112,0.0032507144315479,0.00128594349012,0.0,1.5875492640918458e-82,persistent
r-NGL,NGL,r,-0.1990547011175111,-0.2344065574886793,-0.3295751838118512,-0.4960409735329825,0.0,3.265081220282141e-307,persistent
s-SEMA7,SEMA7,s,0.1473206851622743,0.1101667035511217,0.0934347311077751,0.0990188749006837,0.0,2.770172093825275e-69,persistent
r-THBS,THBS,r,-0.2341883080514554,-0.0667706848835343,-0.491389284824784,-0.1849830115095567,0.0,1.694637407921372e-26,persistent
s-CSF3,CSF3,s,-0.2001076336507997,-0.3011471227693011,-0.011342769297804,-0.0050419070614055,0.0,0.0,persistent
r-IL10,IL10,r,0.149086655360245,0.1326874601769481,0.0019536193150717,0.0048159353761811,0.0,1.1005360701346209e-99,persistent
r-TSH,TSH,r,-0.2341151925748764,-0.1199248225898237,-0.0050064703550758,-0.001306788828788,0.0,9.191128437410155e-82,persistent
r-ANNEXIN,ANNEXIN,r,0.1550957864858226,0.0946644831879841,-0.0002193912215974,0.0205905212095827,0.0,1.3527421188517804e-51,persistent
r-THPO,THPO,r,-0.1918309760406003,-0.0903300996609872,-0.0026416630217907,-0.0001986400989233,0.0,3.9403573361970453e-47,persistent
r-LCK,LCK,r,-0.1503432841847413,-0.4482577323599079,-0.0012163858036536,-0.0011059633625518,0.0,0.0,persistent
r-ITGB2,ITGB2,r,0.1924210074952004,0.2690270225246478,0.0020004556211259,0.0740982782524953,0.0,0.0,persistent
s-CD30,CD30,s,0.2022134996365137,0.2052255504700944,-0.001266312252159,0.0052100079138998,0.0,6.048811215822116e-236,persistent
s-CD22,CD22,s,-0.1508021805853556,-0.1150582693327236,-0.0011406104323553,-0.0002912862465527,0.0,2.0920125894148842e-75,persistent
r-IL16,IL16,r,-0.1542676811936907,-0.1809229402666381,-0.0274699202523139,0.0384713528824328,0.0,8.923851998058022e-184,persistent
s-GCG,GCG,s,0.189183108082217,0.0892309591093254,0.0014594318700849,0.0029503935378443,0.0,4.908775274918091e-46,persistent
s-CD48,CD48,s,-0.2462118672867149,-0.1541649805201438,-0.0055032560319144,-0.0008293028307936,0.0,6.177584028345102e-134,persistent
r-GALANIN,GALANIN,r,0.152729779112454,0.1540698368653239,0.0011366595352069,0.0052299462683428,0.0,8.933216173337151e-134,persistent
s-OPIOID,OPIOID,s,0.1521641194833802,0.0689096083600442,0.0823053092748655,0.0829087770149801,0.0,4.068907045432116e-28,persistent
s-COMPLEMENT,COMPLEMENT,s,-0.2005086869482302,-0.2024492757676425,-0.0509010523188596,0.0407481393026421,0.0,1.1578179110125403e-229,persistent
s-THBS,THBS,s,-0.2315492141708544,-0.0612682213261867,-0.4913892848247849,-0.1849830115095567,0.0,1.4797574620130964e-22,persistent
r-ACTIVIN,ACTIVIN,r,-0.3142769392887954,0.1303618304255411,-0.2273718914979432,0.1788685416251185,0.0,2.7446292533268557e-96,reversed
s-VWF,VWF,s,-0.3266882555917351,0.0828598240733085,-0.0509246948524863,0.091778509146274,0.0,6.294192594883846e-40,reversed
s-TIGIT,TIGIT,s,-0.1977189286591831,0.1150786550873796,-0.0085282128406309,0.0764865594813586,0.0,1.979937195225599e-75,reversed
r-EGF,EGF,r,-0.2186686832400656,0.0537270607061386,-0.2373971600323332,0.1009774960467877,0.0,1.0496622667454378e-17,reversed
r-SCT,SCT,r,0.2084545362740422,-0.2776723274172288,0.0030471858423178,-0.0042892402697553,0.0,0.0,reversed
r-SPP1,SPP1,r,-0.3120628578388273,0.1233093260115663,-0.1986590832583528,0.3677857447247123,0.0,2.495348887463532e-86,reversed
r-CD34,CD34,r,-0.0516871179304345,0.5385697809306556,-0.0019213744244486,0.0303078539094,3.1529384852185556e-42,0.0,reversed
r-EDN,EDN,r,-0.2170809373012913,0.199743965135678,-0.0320388144512839,0.101977825514976,0.0,1.2803905142478923e-223,reversed
r-CD99,CD99,r,-0.3013200841756308,0.1374925947363046,-0.2155677516991272,0.2340792342707102,0.0,6.639182426678169e-107,reversed
s-HH,HH,s,0.2001673324907362,-0.2259946035204794,0.0105079007825934,-0.0248771670670229,0.0,1.105794359704692e-285,reversed
r-DESMOSOME,DESMOSOME,r,-0.0518510441010094,0.1460759580635904,0.003539222879141,0.0326104955397215,1.7474025693811297e-42,1.9797219050280552e-120,reversed
s-COLLAGEN,COLLAGEN,s,-0.2223981460868141,0.0876703393045619,-2.3729631359012373,2.9005777969409223,0.0,1.6780690839882253e-44,reversed
r-EPGN,EPGN,r,-0.1395888678184997,0.272959734334645,-0.0021983895750579,0.0154819189858729,2.4958064227157195e-296,0.0,reversed
s-CDH5,CDH5,s,-0.3574067191953834,0.2684719925388017,-0.0040973545193632,0.0569904857934786,0.0,0.0,reversed
r-TIGIT,TIGIT,r,-0.2237044459711711,0.2109156322806267,-0.0085282128406309,0.0764865594813586,0.0,4.267566250127325e-249,reversed
r-GHRH,GHRH,r,-0.48560510883317,0.2636398999012632,-0.0025902567902644,0.0214688819712049,0.0,0.0,reversed
r-OSM,OSM,r,-0.4584154348252706,0.1288004141597396,-0.0367916574372103,0.0785014296567663,0.0,4.859322127689616e-94,reversed
s-GHRH,GHRH,s,-0.4276082340997483,0.1992740348837776,-0.0025902567902644,0.0214688819712049,0.0,1.40222884350112e-222,reversed
s-MAG,MAG,s,-0.424036224863786,0.1727759585499788,-0.0002114988611595,0.0034831560654137,0.0,8.868514085975602e-168,reversed
r-MAG,MAG,r,-0.424015668833767,0.1727408139467015,-0.0002114988611595,0.0034831560654137,0.0,1.0278478723233535e-167,reversed
r-TENASCIN,TENASCIN,r,-0.2412971006139933,0.0681384699193081,-0.4004468726127341,0.1741459128054709,0.0,1.5807940848329071e-27,reversed
s-APELIN,APELIN,s,-0.2323049935247287,0.0787948024533431,-0.003735925750681,0.0197956182703432,0.0,2.892976109880059e-36,reversed
s-BMP,BMP,s,-0.2319982629421623,0.1416826121003711,-0.8388622803774135,1.5794301220277385,0.0,2.1333246936692767e-113,reversed
r-CSPG4,CSPG4,r,-0.4032059750421881,0.1984585560586973,-0.0046609230253799,0.0099323438490668,0.0,8.873690284362828e-221,reversed
s-VCAM,VCAM,s,-0.4014428072916465,0.1389541189803353,-0.012743405152622,0.0428073145001915,0.0,3.79170938116755e-109,reversed
r-VWF,VWF,r,-0.3981443487268887,0.376653398395891,-0.0509246948524863,0.091778509146274,0.0,0.0,reversed
s-TGFb,TGFb,s,-0.3940290176381298,0.2814924524676916,-0.2269398779460442,0.5513226145980762,0.0,0.0,reversed
s-OSM,OSM,s,-0.3905189232803958,0.0688358779554176,-0.0367916574372103,0.0785014296567662,0.0,4.621954540697044e-28,reversed
s-NKG2D,NKG2D,s,-0.3824011944951917,0.1561521751290144,-0.0010481123021301,0.0005841653343306,0.0,2.3191240900192864e-137,reversed
s-GRN,GRN,s,-0.2225040067231531,0.0925368804019513,-0.0288551379542653,0.0312470114007364,0.0,2.250340134969341e-49,reversed
r-CD137,CD137,r,-0.2262972553506363,0.1185519365554945,-0.0009904238513869,0.0005004275562268,0.0,6.056248120616887e-80,reversed
r-GRN,GRN,r,-0.3711552330779166,0.1340771509311906,-0.0288551379542653,0.0312470114007363,0.0,9.564269788258618e-102,reversed
s-PDGF,PDGF,s,-0.2260048757070446,0.232347815143217,-0.0638721295648381,0.303486460373874,0.0,7.169824864623037e-302,reversed
r-VISTA,VISTA,r,-0.3652386626823811,0.223168844876141,-0.0212094795174171,0.0374475351906898,0.0,1.2133039935399275e-278,reversed
s-CD45,CD45,s,-0.2246227810629812,0.0711172828397301,-0.0102361259823504,0.0213489591684563,0.0,7.640803313897002e-30,reversed
s-GAS,GAS,s,-0.3647859869981329,0.0749200499034519,-0.1469425660768897,0.1261434784585444,0.0,6.1241105245624826e-33,reversed
s-HGF,HGF,s,-0.362388976228821,0.14146187079578,-0.021826113445208,0.0416975255112345,0.0,4.725177635391753e-113,reversed
r-NKG2D,NKG2D,r,-0.3590174973181202,0.1377621937576909,-0.0010481123021301,0.0005841653343306,0.0,2.5782359269104725e-107,reversed
r-CDH5,CDH5,r,-0.357409477983825,0.2684613284726918,-0.0040973545193632,0.0569904857934786,0.0,0.0,reversed
s-CSPG4,CSPG4,s,-0.3520588222777639,0.0775917571754452,-0.0046609230253799,0.0099323438490668,0.0,3.2426746481352976e-35,reversed
s-VEGF,VEGF,s,-0.3454936861337373,0.4188942628053911,-0.0745471515793345,0.5201409741767621,0.0,0.0,reversed
r-LIGHT,LIGHT,r,-0.3452104440864448,0.0717574247192323,-0.0050443508902385,0.0138604090147869,0.0,2.3564660522371207e-30,reversed
r-LAMININ,LAMININ,r,-0.3449745614705171,0.0634388998866715,-4.1330129621847504,1.5050546035271068,0.0,4.5284423415189865e-24,reversed
r-CHAD,CHAD,r,-0.2238422916413195,0.0896477088673473,-0.0009260073284293,0.0130850818137505,0.0,1.8889584324825555e-46,reversed
r-SAA,SAA,r,-0.2238171284391988,0.1211336558899205,-0.002887449488814,0.0007798552867978,0.0,2.228052627910612e-83,reversed
s-SEMATOSTATIN,SEMATOSTATIN,s,-0.3718835376011743,0.0565506123630208,-0.0841960220769773,0.003716383658205,0.0,1.8952940031280017e-19,reversed
r-VEGI,VEGI,r,-0.2445880774069988,0.0572403476218037,-0.0012937667933861,0.0021733064386491,0.0,6.948523560185786e-20,reversed
s-CD99,CD99,s,-0.1881657525684881,0.0627633489301886,-0.2155677516991273,0.2340792342707102,0.0,1.3587406428080813e-23,reversed
r-ICAM,ICAM,r,-0.0591826565104157,0.2677927328706158,-0.0191452942765721,0.1065898419598505,8.096234583557653e-55,0.0,reversed
r-COLLAGEN,COLLAGEN,r,-0.2776279656642559,0.0904609746251161,-2.3729631359012373,2.9005777969409365,0.0,2.9316481383459603e-47,reversed
r-TRH,TRH,r,-0.1622301668915808,0.0766069908607616,-0.0032057930428686,1.543045138820056e-05,0.0,2.2778867703943966e-34,reversed
s-AGT,AGT,s,-0.1000775751272597,0.0549150765818566,-0.0011815604053274,0.0022583511104323,2.70218110005052e-153,1.9806736280264307e-18,reversed
s-BAFF,BAFF,s,-0.1616506457637606,0.2206642241861505,-0.0098523950906049,0.0337515802200457,0.0,1.795138307762945e-272,reversed
r-ADGRE5,ADGRE5,r,-0.2732154051077468,0.1404153088323272,-0.0114649854440148,0.0198580369097977,0.0,2.040161737617332e-111,reversed
s-EPGN,EPGN,s,-0.1045267458128434,0.2197466706712647,-0.0021983895750579,0.0154819189858729,4.7568332703100965e-167,3.1061742664721667e-270,reversed
r-VEGF,VEGF,r,-0.2718708268614246,0.2047368213057583,-0.0745471515793345,0.5201409741767621,0.0,7.803480642529018e-235,reversed
r-TRAIL,TRAIL,r,-0.2531090939106567,0.270480193047564,-0.0055608608628955,0.0128016019906416,0.0,0.0,reversed
s-TRAIL,TRAIL,s,-0.1585801404236644,0.0651418916618433,-0.0055608608628955,0.0128016019906416,0.0,2.6909261255102585e-25,reversed
s-SEMA5,SEMA5,s,-0.1082548878603281,0.1097229957149179,-0.1131562083844731,0.1830684493723322,4.9589680406044184e-179,9.6550578891242e-69,reversed
r-IL4,IL4,r,-0.1109087384787034,0.2394624313584341,-0.0420088607116017,0.036978056443368,8.105038663455921e-188,0.0,reversed
r-BMP,BMP,r,-0.2714864025829796,0.3057278802706265,-0.8388622803774135,1.5794301220277385,0.0,0.0,reversed
s-FN1,FN1,s,-0.1146083744243298,0.2004201179978306,-0.1594203808418353,0.3398118740993827,2.0260683883330536e-200,4.0319053139368495e-225,reversed
r-WNT,WNT,r,-0.1183858033325852,0.0903843623691007,-1.2976009644479165,1.037782346402892,1.023599371454822e-213,3.488445492370955e-47,reversed
r-FN1,FN1,r,-0.1637311564478087,0.1556725110288574,-0.1594203808418361,0.3398118740993832,0.0,1.567695570052394e-136,reversed
r-DMP1,DMP1,r,-0.1193382264426972,0.3281528244575553,-0.001002313477434,0.0020370678983019,3.891335021424036e-217,0.0,reversed
s-NOTCH,NOTCH,s,-0.1206933104201163,0.2536727858383147,-0.1299187567141086,0.9898291809045272,4.7838600974778615e-222,0.0,reversed
r-SEMA5,SEMA5,r,-0.1210168308705696,0.0904905105619244,-0.1131562083844733,0.1830684493723322,3.1606761495044997e-223,2.748880456506449e-47,reversed
s-FSH,FSH,s,-0.1211973888175399,0.0720735650325636,-0.0009038183079066,0.0108834512127465,6.92837682345539e-224,1.315581818656517e-30,reversed
s-GP1BA,GP1BA,s,-0.1225876775642041,0.2368836303545285,-0.0039340617115658,0.0066259141405452,5.274891794034571e-229,0.0,reversed
r-DSPP,DSPP,r,-0.1227571038480672,0.5188416355783401,-0.0015108089731425,0.0113389433951688,1.2469052688328582e-229,0.0,reversed
r-SELE,SELE,r,-0.1500725111442782,0.0855366749028438,-0.0019762508532572,0.001762536839022,0.0,1.937177590055716e-42,reversed
r-PDGF,PDGF,r,-0.1286111885815589,0.1692586589298481,-0.0638721295648382,0.303486460373874,7.290217129974391e-252,4.335728342476337e-161,reversed
r-AMH,AMH,r,-0.1491559242502412,0.1019076457827692,-0.0025329326907686,0.0015993551611559,0.0,1.5729665433957531e-59,reversed
r-PECAM1,PECAM1,r,-0.1483059265035045,0.2720741973375098,-0.0184906245741112,0.0747496275326368,0.0,0.0,reversed
s-PECAM1,PECAM1,s,-0.1482780743673222,0.2720783498786461,-0.0184906245741112,0.0747496275326368,0.0,0.0,reversed
r-PTN,PTN,r,-0.1473092556989156,0.0592577165522842,-0.1402376608192304,0.0872899950531707,0.0,3.3576503608930528e-21,reversed
r-CD6,CD6,r,-0.1376628125217175,0.1142324304342963,-0.0028573688022058,0.0090744302885792,2.869676424188424e-288,2.3329203141063603e-74,reversed
s-ALCAM,ALCAM,s,-0.1376628125217175,0.1142324304342963,-0.0028573688022609,0.0090744293837011,2.869676424188424e-288,2.3329203141063603e-74,reversed
r-RELN,RELN,r,0.1447836604796244,-0.1125943350340714,0.0211388993852865,-0.0459712884377074,0.0,2.703373042553758e-72,reversed
r-BAFF,BAFF,r,-0.1196238582450949,0.1804194492137532,-0.0098523950906049,0.0337515802200457,3.633440044143434e-218,9.112459088512335e-183,reversed
r-APRIL,APRIL,r,-0.0589327469511573,0.2496242831850659,-0.0018647374248189,0.0085834879275698,2.26170343793238e-54,0.0,reversed
s-LT,LT,s,0.1642892065451457,-0.2036978956405005,0.0129097108168516,-0.004108774545355,0.0,1.7584831150050046e-232,reversed
s-VISTA,VISTA,s,-0.2502303011590523,0.132072628734855,-0.0212094795174171,0.0374475351906898,0.0,8.783221750756738e-99,reversed
s-SPP1,SPP1,s,-0.1962727191834897,0.1417760655554312,-0.1986590832583527,0.3677857447247128,0.0,1.5289294528902625e-113,reversed
s-TENASCIN,TENASCIN,s,-0.2914743767838086,0.0832544066790856,-0.4004468726127341,0.1741459128054709,0.0,2.717234940250454e-40,reversed
r-LIFR,LIFR,r,-0.1937644331442525,0.0646244230217367,-0.0545885291358174,0.0066398944453192,0.0,6.385855742785465e-25,reversed
s-IFN-I,IFN-I,s,-0.0630365548246264,0.2344987767331234,-0.0012058872196986,0.01204768377796,5.977430677868372e-62,1.904835506963163e-307,reversed
s-CD46,CD46,s,-0.1928920585579341,0.2222150371843947,-0.0176836771059391,0.086907214586053,0.0,2.770998064675319e-276,reversed
r-NOTCH,NOTCH,r,-0.0661113755109606,0.1526700474715097,-0.1299187567141086,0.9898291809045272,5.835103762698543e-68,2.186772983370276e-131,reversed
r-AGT,AGT,r,-0.1901736560584855,0.0906517787224521,-0.0011815604053274,0.0022583511104323,0.0,1.8959992840527262e-47,reversed
s-AMH,AMH,s,-0.2883460458041236,0.1217239247168002,-0.0025329326907686,0.0015993551611559,0.0,3.5761135786162723e-84,reversed
r-TGFb,TGFb,r,-0.288309946714987,0.1960264194030068,-0.2269398779460443,0.5513226145980762,0.0,1.9094393016352758e-215,reversed
s-SAA,SAA,s,-0.2861942110406887,0.1308425341809462,-0.002887449488814,0.0007798552867978,0.0,5.510060832125185e-97,reversed
s-IL4,IL4,s,-0.2852491511337104,0.2904797978569726,-0.0420088607116016,0.036978056443368,0.0,0.0,reversed
r-LT,LT,r,0.2843935452751376,-0.2141405759811671,0.0129097108168516,-0.004108774545355,0.0,1.0114811769101236e-256,reversed
r-GDNF,GDNF,r,-0.0702982843608019,0.2574485157857362,-0.0040758802322176,0.0379607900524469,1.3509663921644484e-76,0.0,reversed
s-EDN,EDN,s,-0.2832595724696866,0.1578984858728482,-0.0320388144512839,0.1019778255149761,0.0,2.074555178816761e-140,reversed
r-CD39,CD39,r,-0.2787852624795333,0.0803803922236219,-0.1079059468098028,0.0857634821559523,0.0,1.1376510820642011e-37,reversed
r-OSTN,OSTN,r,0.0726442609907065,-0.0667973693682301,0.0092131613948892,-0.0205123127681097,1.1426080658766207e-81,1.6242546977731848e-26,reversed
r-CD30,CD30,r,-0.1858736658353413,0.3716424607362947,-0.001266312252159,0.0052100079138998,0.0,0.0,reversed
s-CHAD,CHAD,s,-0.181284015234174,0.0669937061338443,-0.0009260073284293,0.0130850818137505,0.0,1.1611377249941056e-26,reversed
r-SEMATOSTATIN,SEMATOSTATIN,r,-0.2826811386804392,0.079517162215402,-0.0841960220769772,0.0037163836582049,0.0,6.6546435865150846e-37,reversed
r-PROK,PROK,r,-0.0760603157276429,0.1737608464617674,-0.0006977958033656,0.0099872864284359,2.3763204429355716e-89,1.1429254842184116e-169,reversed
s-BTLA,BTLA,s,-0.1800066433353649,0.3490030922143805,-0.0058561777977123,0.0111118004375314,0.0,0.0,reversed
s-SCT,SCT,s,0.1769429258189041,-0.2812067175104695,0.0030471858423178,-0.0042892402697553,0.0,0.0,reversed
r-HGF,HGF,r,-0.1753652003071129,0.1218310031274776,-0.021826113445208,0.0416975255112345,0.0,2.5729644295933364e-84,reversed
r-FSH,FSH,r,-0.1746290702550224,0.2252570076411622,-0.0009038183079066,0.0108834512127465,0.0,7.763753615345828e-284,reversed
r-EDA,EDA,r,-0.0793121975058328,0.133907328414325,-0.0013220891304765,0.0247728047789352,5.476152552854646e-97,1.704587767264178e-101,reversed
s-SELE,SELE,s,-0.084539255077855,0.0558723315515303,-0.0019762508532572,0.001762536839022,6.093412756088174e-110,5.075026165559334e-19,reversed
r-IFN-I,IFN-I,r,-0.1695564207347322,0.3274796324849098,-0.0012058872196986,0.01204768377796,0.0,0.0,reversed
s-DSPP,DSPP,s,-0.1689999873986375,0.3672288688550902,-0.0015108089731425,0.0113389433951688,0.0,0.0,reversed
r-CD46,CD46,r,-0.1676959899514106,0.1510507023448786,-0.0176836771059391,0.086907214586053,0.0,1.1845114999955203e-128,reversed
s-EDA,EDA,s,-0.0915116826992732,0.2347579366430443,-0.0013220891304765,0.0247728047789352,1.7117362668842583e-128,4.071439981094362e-308,reversed
s-DMP1,DMP1,s,-0.1873170871102225,0.22184500503412,-0.001002313477434,0.0020370678983019,0.0,2.24633209360518e-275,reversed
s-CCL,CCL,s,-0.2376075200225401,0.1024514462759671,-0.0974841342954625,0.1483048063849931,0.0,3.8057126245423925e-60,reversed
